title,description,Brand,imageName,Tags,price,Variation,category
INNEVAPE SALT NIC 30ML VAPE MY DAY,"
                 What makes Innevape’s e-liquids salt nic better? Simple – Better quality ingredients. Innevape is dedicated to creating and providing the smoothest, best tasting American-Made Salt Nic E-Liquids on the market. All of Innevape’s E-Liquids are made with a proprietary blend of only the finest quality ingredients. Made for use in pod based devices and other low output atomizers.Innevape Salt Nic 30ml Series Features:30ml BottleMade in USAAvailable in 0mg, 3mg, 6mgInnevape Salt Nic 30ml Series Flavors:TNT - also known as ""The Next Tobacco"" gives you a  Blond Virginia Cured Tobacco leaf with a touch of maple sweetness. The most authentic tobacco liquid available on the market today.TNT Menthol -brings you the same tobacco flavor as TNT, but with the amazing menthol finish.Vape My Day (VMD) - Butterscotch, Caramel, touch of Hazelnut. Smooth, Velvety, melt-in-your mouth good.  VMD fans have nicknamed it ‘Waffles’. Heisenberg - also known as ""The Berg"" gives you a mix of blue raspberry, blue ice pop, and blue slushie.Heisenberg Menthol - also known as ""The Berg"" gives you a mix of blue raspberry, blue ice pop, and blue slushiet with the amazing menthol finish.CALIFORNIA PROPOSITION 65 - Warning: This product contains nicotine, a chemical known to the state of California to cause birth defects or other reproductive harm. 
                              ","BRAND:
INNEVAPE",INNEVAPE SALT NIC 30ML VAPE MY DAY.png,"INNEVAPE E-JUICE 75ML SERIES,VAPE JUICE,E-LIQUID","$9.00,$9.00","VAPE MY DAY SALT NIC 24MG,VAPE MY DAY SALT NIC 50MG",SALT NIC 
INNEVAPE SALT NIC 30ML TNT MENTHOL,"
                 What makes Innevape’s e-liquids salt nic better? Simple – Better quality ingredients. Innevape is dedicated to creating and providing the smoothest, best tasting American-Made Salt Nic E-Liquids on the market. All of Innevape’s E-Liquids are made with a proprietary blend of only the finest quality ingredients. Made for use in pod based devices and other low output atomizers.Innevape Salt Nic 30ml Series Features:30ml BottleMade in USAAvailable in 0mg, 3mg, 6mgInnevape Salt Nic 30ml Series Flavors:TNT - also known as ""The Next Tobacco"" gives you a  Blond Virginia Cured Tobacco leaf with a touch of maple sweetness. The most authentic tobacco liquid available on the market today.TNT Menthol -brings you the same tobacco flavor as TNT, but with the amazing menthol finish.Vape My Day (VMD) - Butterscotch, Caramel, touch of Hazelnut. Smooth, Velvety, melt-in-your mouth good.  VMD fans have nicknamed it ‘Waffles’. Heisenberg - also known as ""The Berg"" gives you a mix of blue raspberry, blue ice pop, and blue slushie.Heisenberg Menthol - also known as ""The Berg"" gives you a mix of blue raspberry, blue ice pop, and blue slushiet with the amazing menthol finish.CALIFORNIA PROPOSITION 65 - Warning: This product contains nicotine, a chemical known to the state of California to cause birth defects or other reproductive harm. 
                              ","BRAND:
INNEVAPE",INNEVAPE SALT NIC 30ML TNT MENTHOL.png,"INNEVAPE E-JUICE 75ML SERIES,VAPE JUICE,E-LIQUID,INNEVAPE","$9.00,$9.00","TNT MENTHOL SALT NIC 24MG,TNT MENTHOL SALT NIC 50MG",SALT NIC 
INNEVAPE SALT NIC 30ML TNT,"
                 What makes Innevape’s e-liquids salt nic better? Simple – Better quality ingredients. Innevape is dedicated to creating and providing the smoothest, best tasting American-Made Salt Nic E-Liquids on the market. All of Innevape’s E-Liquids are made with a proprietary blend of only the finest quality ingredients. Made for use in pod based devices and other low output atomizers.Innevape Salt Nic 30ml Series Features:30ml BottleMade in USAAvailable in 0mg, 3mg, 6mgInnevape Salt Nic 30ml Series Flavors:TNT - also known as ""The Next Tobacco"" gives you a  Blond Virginia Cured Tobacco leaf with a touch of maple sweetness. The most authentic tobacco liquid available on the market today.TNT Menthol -brings you the same tobacco flavor as TNT, but with the amazing menthol finish.Vape My Day (VMD) - Butterscotch, Caramel, touch of Hazelnut. Smooth, Velvety, melt-in-your mouth good.  VMD fans have nicknamed it ‘Waffles’. Heisenberg - also known as ""The Berg"" gives you a mix of blue raspberry, blue ice pop, and blue slushie.Heisenberg Menthol - also known as ""The Berg"" gives you a mix of blue raspberry, blue ice pop, and blue slushiet with the amazing menthol finish.CALIFORNIA PROPOSITION 65 - Warning: This product contains nicotine, a chemical known to the state of California to cause birth defects or other reproductive harm. 
                              ","BRAND:
INNEVAPE",INNEVAPE SALT NIC 30ML TNT.png,"INNEVAPE E-JUICE 75ML SERIES,SALT NIC,VAPE JUICE,E-LIQUID","$9.00,$9.00","TNT SALT NIC 24MG,TNT SALT NIC 50MG",SALT NIC 
THE HEISENBERG SALTS E-JUICE 30ML 1CT - THE BERG MENTHOL,"
                 What makes Innevape’s e-liquids salt nic better? Simple – Better quality ingredients. Innevape is dedicated to creating and providing the smoothest, best tasting American-Made Salt Nic E-Liquids on the market. All of Innevape’s E-Liquids are made with a proprietary blend of only the finest quality ingredients. Made for use in pod based devices and other low output atomizers.Innevape Salt Nic 30ml Series Features:30ml BottleMade in USAAvailable in 0mg, 3mg, 6mgInnevape Salt Nic 30ml Series Flavors:TNT - also known as ""The Next Tobacco"" gives you a  Blond Virginia Cured Tobacco leaf with a touch of maple sweetness. The most authentic tobacco liquid available on the market today.TNT Menthol -brings you the same tobacco flavor as TNT, but with the amazing menthol finish.Vape My Day (VMD) - Butterscotch, Caramel, touch of Hazelnut. Smooth, Velvety, melt-in-your mouth good.  VMD fans have nicknamed it ‘Waffles’. Heisenberg - also known as ""The Berg"" gives you a mix of blue raspberry, blue ice pop, and blue slushie.Heisenberg Menthol - also known as ""The Berg"" gives you a mix of blue raspberry, blue ice pop, and blue slushiet with the amazing menthol finish.CALIFORNIA PROPOSITION 65 - Warning: This product contains nicotine, a chemical known to the state of California to cause birth defects or other reproductive harm. 
                              ","BRAND:
INNEVAPE",THE HEISENBERG SALTS E-JUICE 30ML 1CT - THE BERG MENTHOL.png,"INNEVAPE E-JUICE 75ML SERIES,E-LIQUID,VAPE JUICE","$9.00,$9.00","THE BERG MENTHOL SALT 24MG,THE BERG MENTHOL SALT 50MG",SALT NIC 
THE HEISENBERG SALTS E-JUICE 30ML 1CT - THE BERG,"
                 What makes Innevape’s e-liquids salt nic better? Simple – Better quality ingredients. Innevape is dedicated to creating and providing the smoothest, best tasting American-Made Salt Nic E-Liquids on the market. All of Innevape’s E-Liquids are made with a proprietary blend of only the finest quality ingredients. Made for use in pod based devices and other low output atomizers.Innevape Salt Nic 30ml Series Features:30ml BottleMade in USAAvailable in 0mg, 3mg, 6mgInnevape Salt Nic 30ml Series Flavors:TNT - also known as ""The Next Tobacco"" gives you a  Blond Virginia Cured Tobacco leaf with a touch of maple sweetness. The most authentic tobacco liquid available on the market today.TNT Menthol -brings you the same tobacco flavor as TNT, but with the amazing menthol finish.Vape My Day (VMD) - Butterscotch, Caramel, touch of Hazelnut. Smooth, Velvety, melt-in-your mouth good.  VMD fans have nicknamed it ‘Waffles’. Heisenberg - also known as ""The Berg"" gives you a mix of blue raspberry, blue ice pop, and blue slushie.Heisenberg Menthol - also known as ""The Berg"" gives you a mix of blue raspberry, blue ice pop, and blue slushiet with the amazing menthol finish.CALIFORNIA PROPOSITION 65 - Warning: This product contains nicotine, a chemical known to the state of California to cause birth defects or other reproductive harm. 
                              ","BRAND:
INNEVAPE",THE HEISENBERG SALTS E-JUICE 30ML 1CT - THE BERG.png,"THE HEISENBERG SALTS E-JUICE 30ML 1CT - THE BERG,VAPE JUICE,E-LIQUID","$9.00,$9.00","THE BERG SALT 24MG,THE BERG SALT 50MG",SALT NIC 
VAPETASIA SALT NIC KILLER KUSTARD BLUEBERRY 30ML,"
                 Vapetasia Salts line is brought to you from Las Vegas, Nevada. Vapetasia is best-known for their Killer
Kustard series and for being the producer of Vape Parfait, Vape Lemonade, and
Fruit N Custard along with over a dozen other flavors across a total of 7
different lines. They bring you the same amazing flavors in a high nicotine salt version.Vapetasia Salt Nic Series
Features:



·       30mL Bottle

·       Dropper In
Bottle

·       Nicotine
Salts Formulation·       Killer Kustard Blueberry Flavor


                              ","BRAND:
VAPETASIA",VAPETASIA SALT NIC KILLER KUSTARD BLUEBERRY 30ML.png,"VAPETASIA,SALTS,NIC,FRUITY,SWEET,NICOTINE,30ML","$8.00,$8.00","KILLER KUSTARD BLUEBERRY 24MG,KILLER KUSTARD BLUEBERRY 48MG",SALT NIC 
VAPETASIA SALT NIC KILLER KUSTARD STRAWBERRY 30ML,"
                 Vapetasia Salts line is brought to you from Las Vegas, Nevada. Vapetasia is best-known for their Killer
Kustard series and for being the producer of Vape Parfait, Vape Lemonade, and
Fruit N Custard along with over a dozen other flavors across a total of 7
different lines. They bring you the same amazing flavors in a high nicotine salt version.Vapetasia Salt Nic Series
Features:



·       30mL Bottle

·       Dropper In
Bottle

·       Nicotine
Salts Formulation·       Killer Kustard Strawberry Flavor


                              ","BRAND:
VAPETASIA",VAPETASIA SALT NIC KILLER KUSTARD STRAWBERRY 30ML.png,"VAPETASIA,SALTS,NIC,FRUITY,SWEET,NICOTINE,30ML","$8.00,$8.00","KILLER KUSTARD STRAWBERRY 24MG,KILLER KUSTARD STRAWBERRY 48MG",SALT NIC 
VAPETASIA SALT NIC KILLER KUSTARD LEMON 30ML,"
                 Vapetasia Salts line is brought to you from Las Vegas, Nevada. Vapetasia is best-known for their Killer
Kustard series and for being the producer of Vape Parfait, Vape Lemonade, and
Fruit N Custard along with over a dozen other flavors across a total of 7
different lines. They bring you the same amazing flavors in a high nicotine salt version.Vapetasia Salt Nic Series
Features:



·       30mL Bottle

·       Dropper In
Bottle

·       Nicotine
Salts Formulation·       Killer Kustard Lemon Flavor


                              ","BRAND:
VAPETASIA",VAPETASIA SALT NIC KILLER KUSTARD LEMON 30ML.png,"VAPETASIA,SALTS,NIC,FRUITY,SWEET,NICOTINE,30ML","$8.00,$8.00","KILLER KUSTARD LEMON 24MG,KILLER KUSTARD LEMON 48MG",SALT NIC 
VAPETASIA SALT NIC KILLER KUSTARD HONEYDEW 30ML,"
                 Vapetasia Salts line is brought to you from Las Vegas, Nevada. Vapetasia is best-known for their Killer
Kustard series and for being the producer of Vape Parfait, Vape Lemonade, and
Fruit N Custard along with over a dozen other flavors across a total of 7
different lines. They bring you the same amazing flavors in a high nicotine salt version.Vapetasia Salt Nic Series
Features:



·       30mL Bottle

·       Dropper In
Bottle

·       Nicotine
Salts Formulation·       Killer Kustard Honeydew Flavor


                              ","BRAND:
VAPETASIA",VAPETASIA SALT NIC KILLER KUSTARD HONEYDEW 30ML.png,"VAPETASIA,SALTS,NIC,FRUITY,SWEET,NICOTINE,30ML","$8.00,$8.00","KILLER KUSTARD HONEYDEW 24MG,KILLER KUSTARD HONEYDEW 48MG",SALT NIC 
VAPETASIA SALT NIC ROYALTY II 30ML,"
                 Vapetasia Salts line is brought to you from Las Vegas, Nevada. Vapetasia is best-known for their Killer
Kustard series and for being the producer of Vape Parfait, Vape Lemonade, and
Fruit N Custard along with over a dozen other flavors across a total of 7
different lines. They bring you the same amazing flavors in a high nicotine salt version.Vapetasia Salt Nic Series
Features:



·       30mL Bottle

·       Dropper In
Bottle

·       Nicotine
Salts Formulation·       Royalty II Flavor


                              ","BRAND:
VAPETASIA",VAPETASIA SALT NIC ROYALTY II 30ML.png,"VAPETASIA,SALTS,NIC,FRUITY,SWEET,NICOTINE,30ML","$8.00,$8.00","ROYALTY II 24MG,ROYALTY II 48MG",SALT NIC 
VAPETASIA SALT NIC RAINBOW ROAD 30ML,"
                 Vapetasia Salts line is brought to you from Las Vegas, Nevada. Vapetasia is best-known for their Killer
Kustard series and for being the producer of Vape Parfait, Vape Lemonade, and
Fruit N Custard along with over a dozen other flavors across a total of 7
different lines. They bring you the same amazing flavors in a high nicotine salt version.Vapetasia Salt Nic Series
Features:



·       30mL Bottle

·       Dropper In
Bottle

·       Nicotine
Salts Formulation·       Rainbow Road Flavor


                              ","BRAND:
VAPETASIA",VAPETASIA SALT NIC RAINBOW ROAD 30ML.png,"VAPETASIA,SALTS,NIC,FRUITY,SWEET,NICOTINE,30ML","$8.00,$8.00","RAINBOW ROAD 24MG,RAINBOW ROAD 48MG",SALT NIC 
VAPETASIA SALT NIC PINEAPPLE EXPRESS 30ML,"
                 Vapetasia Salts line is brought to you from Las Vegas, Nevada. Vapetasia is best-known for their Killer
Kustard series and for being the producer of Vape Parfait, Vape Lemonade, and
Fruit N Custard along with over a dozen other flavors across a total of 7
different lines. They bring you the same amazing flavors in a high nicotine salt version.Vapetasia Salt Nic Series
Features:



·       30mL Bottle

·       Dropper In
Bottle

·       Nicotine
Salts Formulation·       Pineapple Express Flavor


                              ","BRAND:
VAPETASIA",VAPETASIA SALT NIC PINEAPPLE EXPRESS 30ML.png,"VAPETASIA,SALTS,NIC,FRUITY,SWEET,NICOTINE,30ML","$8.00,$8.00","PINEAPPLE EXPRESS 24MG,PINEAPPLE EXPRESS 48MG",SALT NIC 
VAPETASIA SALT NIC MILK OF THE POPPY 30ML,"
                 Vapetasia Salts line is brought to you from Las Vegas, Nevada. Vapetasia is best-known for their Killer
Kustard series and for being the producer of Vape Parfait, Vape Lemonade, and
Fruit N Custard along with over a dozen other flavors across a total of 7
different lines. They bring you the same amazing flavors in a high nicotine salt version.Vapetasia Salt Nic Series
Features:



·       30mL Bottle

·       Dropper In
Bottle

·       Nicotine
Salts Formulation·      Milk of the Poppy Flavor


                              ","BRAND:
VAPETASIA",VAPETASIA SALT NIC MILK OF THE POPPY 30ML.png,"VAPETASIA,SALTS,NIC,FRUITY,SWEET,NICOTINE,30ML","$8.00,$8.00","MILK OF THE POPPY 24MG,MILK OF THE POPPY 48MG",SALT NIC 
VAPETASIA SALT NIC KILLER KUSTARD 30ML,"
                 Vapetasia Salts line is brought to you from Las Vegas, Nevada. Vapetasia is best-known for their Killer
Kustard series and for being the producer of Vape Parfait, Vape Lemonade, and
Fruit N Custard along with over a dozen other flavors across a total of 7
different lines. They bring you the same amazing flavors in a high nicotine salt version.Vapetasia Salt Nic Series
Features:



·       30mL Bottle

·       Dropper In
Bottle

·       Nicotine
Salts Formulation·       Killer Kustard Flavor


                              ","BRAND:
VAPETASIA",VAPETASIA SALT NIC KILLER KUSTARD 30ML.png,"VAPETASIA,SALTS,NIC,FRUITY,SWEET,NICOTINE,30ML","$8.00,$8.00","KILLER KUSTARD 24MG,KILLER KUSTARD 48MG",SALT NIC 
VAPETASIA SALT NIC PINK LEMONADE 30ML,"
                 Vapetasia Salts line is brought to you from Las Vegas, Nevada. Vapetasia is best-known for their Killer
Kustard series and for being the producer of Vape Parfait, Vape Lemonade, and
Fruit N Custard along with over a dozen other flavors across a total of 7
different lines. They bring you the same amazing flavors in a high nicotine salt version.Vapetasia Salt Nic Series
Features:



·       30mL Bottle

·       Dropper In
Bottle

·       Nicotine
Salts Formulation

·       Pink Lemonade Flavor
                              ","BRAND:
VAPETASIA",VAPETASIA SALT NIC PINK LEMONADE 30ML.png,"VAPETASIA,SALTS,NIC,FRUITY,SWEET,NICOTINE,30ML","$8.00,$8.00","PINK LEMONADE 24MG,PINK LEMONADE 48MG",SALT NIC 
VAPETASIA SALT NIC BLACKBERRY LEMONADE 30ML,"
                 Vapetasia Salts line is brought to you from Las Vegas, Nevada. Vapetasia is best-known for their Killer
Kustard series and for being the producer of Vape Parfait, Vape Lemonade, and
Fruit N Custard along with over a dozen other flavors across a total of 7
different lines. They bring you the same amazing flavors in a high nicotine salt version.Vapetasia Salt Nic Series
Features:



·       30mL Bottle

·       Dropper In
Bottle

·       Nicotine
Salts Formulation·       Blackberry Lemonade Flavor


                              ","BRAND:
VAPETASIA",VAPETASIA SALT NIC BLACKBERRY LEMONADE 30ML.png,"VAPETASIA,SALTS,NIC,FRUITY,SWEET,NICOTINE,30ML","$9.00,$9.00","BLACKBERRY LEMONADE 24MG,BLACKBERRY LEMONADE 48MG",SALT NIC 
TWIST SALT MINT 0 E-LIQUID,"
                 Prominently features the slightly sweet and satisfying taste of crushed mint leaves. Each inhale lets your tastebuds indulge in a refreshing blast of mint.Specification:Bottle Size: 2 x 30ML (milliliters)VG/PG: 70/30CALIFORNIA
PROPOSITION 65 - Warning: This product contains nicotine, a chemical known to
the state of California to cause birth defects or other reproductive harm.





                              ","BRAND:
LEMON TWIST E-LIQUID",TWIST SALT MINT 0 E-LIQUID.png,"TWIST,E-LIQUID,SALT NIC,60ML,SWEET,FRUITY","$12.00,$12.00","35MG,50MG",SALT NIC 
TWIST SALT BLEND NO.1 E-LIQUID,"
                 Your taste buds will get an amazing punch of flavor from the exotic tropical fruit extracts, which are blended to perfection.Specification:Bottle Size: 2 x 30ML (milliliters)VG/PG: 70/30CALIFORNIA
PROPOSITION 65 - Warning: This product contains nicotine, a chemical known to
the state of California to cause birth defects or other reproductive harm.





                              ","BRAND:
LEMON TWIST E-LIQUID",TWIST SALT BLEND NO.1 E-LIQUID.png,"TWIST,E-LIQUID,SALT NIC,60ML,SWEET,FRUITY","$12.00,$12.00","35MG,50MG",SALT NIC 
TWIST SALT PINK NO.0 E-LIQUID,"
                 Pink lemon extracts inspired by a favorite summertime drink gets a punch of fruit flavors and menthol for a chilled effect.Specification:Bottle Size: 2 x 30ML (milliliters)VG/PG: 70/30CALIFORNIA
PROPOSITION 65 - Warning: This product contains nicotine, a chemical known to
the state of California to cause birth defects or other reproductive harm.





                              ","BRAND:
LEMON TWIST E-LIQUID",TWIST SALT PINK NO.0 E-LIQUID.png,"TWIST,E-LIQUID,SALT NIC,60ML,SWEET,FRUITY","$12.00,$12.00","35MG,50MG",SALT NIC 
TWIST SALT GREEN NO.1 E-LIQUID,"
                 Flavor extracts of sweet honeydew melons and juicy cantaloupes combine to create a delicious e-liquid taste.Specification:Bottle Size: 2 x 30ML (milliliters)VG/PG: 70/30 CALIFORNIA
PROPOSITION 65 - Warning: This product contains nicotine, a chemical known to
the state of California to cause birth defects or other reproductive harm.





                              ","BRAND:
LEMON TWIST E-LIQUID",TWIST SALT GREEN NO.1 E-LIQUID.png,"TWIST,E-LIQUID,60ML,SWEET,FRUITY,SALT NIC","$12.00,$12.00","35MG,50MG",SALT NIC 
TWIST SALT RED NO.1 E-LIQUID,"
                 This is a unique e-liquid that delivers an amazing flavor of pure and sweet red watermelons.Specification:Bottle Size: 2 x 30ML (milliliters)VG/PG: 70/30 CALIFORNIA
PROPOSITION 65 - Warning: This product contains nicotine, a chemical known to
the state of California to cause birth defects or other reproductive harm.





                              ","BRAND:
LEMON TWIST E-LIQUID",TWIST SALT RED NO.1 E-LIQUID.png,"TWIST,E-LIQUID,SERIES 60ML,SWEET,FRUITY,SALT NIC","$12.00,$12.00","35MG,50MG",SALT NIC 
TWIST SALT PINK NO.1 E-LIQUID,"
                 The award-winning flavor of Lemon Twist’s Pink Punch Lemonade is now available in a top-of-the-line Nicotine Salt. This salt packs an amazing flavor profile that brings a tart, sweet, and unbelievably smooth inhale to your taste buds. Backed by the experience of taste experts Twist E-Liquids, and the genius of a proprietary flavor, this Pink Punch Lemonade Salt is bound to become one of the best nicotine salts on the market. Get your order of TWST Salt’s Pink Punch Lemonade Salt now!Specification:Bottle Size: 2 x 30ML (milliliters)VG/PG: 70/30 CALIFORNIA
PROPOSITION 65 - Warning: This product contains nicotine, a chemical known to
the state of California to cause birth defects or other reproductive harm.





                              ","BRAND:
LEMON TWIST E-LIQUID",TWIST SALT PINK NO.1 E-LIQUID.png,"TWIST,E-LIQUID,SERIES 60ML,SWEET,FRUITY,SALT NIC","$12.00,$12.00","35MG,50MG",SALT NIC 
CLOUD NURDZ SALT NIC KIWI MELON 30ML,"
                 Cloud Nurdz is brought you by OG E-Liquids from Hollywood, California. Cloud Nurdz introduces a tasty line-up of sweet treat delights that pairs complementary, mouth-watering fruity variations to perfection. With a core line-up consisting of five delectable flavors, they’ve successfully crafted sweet fruity blends that deliciously combines apple, blue raspberry, grape, lemon, peach, strawberry, and watermelon. Cloud Nurdz Salt brings you the same amazing flavors in Nicotine Salt formulation.Cloud Nurdz Salt Nic Series Features:30mL Chubby BottleDropper In BottleNicotine Salts FormulationCrafted For Ultra-Low Wattage & Pod-Based SystemAvailable nicotine: 25mg, 50mgMade in USAKiwi Melon FlavorCALIFORNIA PROPOSITION 65 - Warning: This product contains nicotine, a chemical known to the state of California to cause birth defects or other reproductive harm.<span style=""font-size: 14px;"">&lt;span style=""font-size: 14px;""&gt;
&amp;lt;!--
 /* Font Definitions */
 @font-face
	{font-family:""Cambria Math"";
	panose-1:2 4 5 3 5 4 6 3 2 4;
	mso-font-charset:0;
	mso-generic-font-family:roman;
	mso-font-pitch:variable;
	mso-font-signature:3 0 0 0 1 0;}
 /* Style Definitions */
 p.MsoNormal, li.MsoNormal, div.MsoNormal
	{mso-style-unhide:no;
	mso-style-qformat:yes;
	mso-style-parent:"""";
	margin:0in;
	margin-bottom:.0001pt;
	mso-pagination:widow-orphan;
	font-size:12.0pt;
	font-family:""Times New Roman"",serif;
	mso-fareast-font-family:""Times New Roman"";}
p
	{mso-style-priority:99;
	mso-margin-top-alt:auto;
	margin-right:0in;
	mso-margin-bottom-alt:auto;
	margin-left:0in;
	mso-pagination:widow-orphan;
	font-size:12.0pt;
	font-family:""Times New Roman"",serif;
	mso-fareast-font-family:""Times New Roman"";}
.MsoChpDefault
	{mso-style-type:export-only;
	mso-default-props:yes;
	font-family:""Calibri"",sans-serif;
	mso-ascii-font-family:Calibri;
	mso-ascii-theme-font:minor-latin;
	mso-fareast-font-family:Calibri;
	mso-fareast-theme-font:minor-latin;
	mso-hansi-font-family:Calibri;
	mso-hansi-theme-font:minor-latin;
	mso-bidi-font-family:Arial;
	mso-bidi-theme-font:minor-bidi;}
@page WordSection1
	{size:8.5in 11.0in;
	margin:1.0in 1.0in 1.0in 1.0in;
	mso-header-margin:.5in;
	mso-footer-margin:.5in;
	mso-paper-source:0;}
div.WordSection1
	{page:WordSection1;}
--&amp;gt;
&lt;/span&gt;</span>
                              ","BRAND:
CLOUD NURDS",CLOUD NURDZ SALT NIC KIWI MELON 30ML.png,"CLOUD NURDZ,SALT NIC,30ML SERIES,FRUITY,SWEET","$8.00,$8.00","KIWI MELON 25MG,KIWI MELON 50MG",SALT NIC 
CLOUD NURDZ SALT NIC GRAPE APPLE 30ML,"
                 Cloud Nurdz is brought you by OG E-Liquids from Hollywood, California. Cloud Nurdz introduces a tasty line-up of sweet treat delights that pairs complementary, mouth-watering fruity variations to perfection. With a core line-up consisting of five delectable flavors, they’ve successfully crafted sweet fruity blends that deliciously combines apple, blue raspberry, grape, lemon, peach, strawberry, and watermelon. Cloud Nurdz Salt brings you the same amazing flavors in Nicotine Salt formulation.Cloud Nurdz Salt Nic Series Features:30mL Chubby BottleDropper In BottleNicotine Salts FormulationCrafted For Ultra-Low Wattage & Pod-Based SystemAvailable nicotine: 25mg, 50mgMade in USAGrape Apple FlavorCALIFORNIA PROPOSITION 65 - Warning: This product contains nicotine, a chemical known to the state of California to cause birth defects or other reproductive harm.<span style=""font-size: 14px;"">&lt;span style=""font-size: 14px;""&gt;
&amp;lt;!--
 /* Font Definitions */
 @font-face
	{font-family:""Cambria Math"";
	panose-1:2 4 5 3 5 4 6 3 2 4;
	mso-font-charset:0;
	mso-generic-font-family:roman;
	mso-font-pitch:variable;
	mso-font-signature:3 0 0 0 1 0;}
 /* Style Definitions */
 p.MsoNormal, li.MsoNormal, div.MsoNormal
	{mso-style-unhide:no;
	mso-style-qformat:yes;
	mso-style-parent:"""";
	margin:0in;
	margin-bottom:.0001pt;
	mso-pagination:widow-orphan;
	font-size:12.0pt;
	font-family:""Times New Roman"",serif;
	mso-fareast-font-family:""Times New Roman"";}
p
	{mso-style-priority:99;
	mso-margin-top-alt:auto;
	margin-right:0in;
	mso-margin-bottom-alt:auto;
	margin-left:0in;
	mso-pagination:widow-orphan;
	font-size:12.0pt;
	font-family:""Times New Roman"",serif;
	mso-fareast-font-family:""Times New Roman"";}
.MsoChpDefault
	{mso-style-type:export-only;
	mso-default-props:yes;
	font-family:""Calibri"",sans-serif;
	mso-ascii-font-family:Calibri;
	mso-ascii-theme-font:minor-latin;
	mso-fareast-font-family:Calibri;
	mso-fareast-theme-font:minor-latin;
	mso-hansi-font-family:Calibri;
	mso-hansi-theme-font:minor-latin;
	mso-bidi-font-family:Arial;
	mso-bidi-theme-font:minor-bidi;}
@page WordSection1
	{size:8.5in 11.0in;
	margin:1.0in 1.0in 1.0in 1.0in;
	mso-header-margin:.5in;
	mso-footer-margin:.5in;
	mso-paper-source:0;}
div.WordSection1
	{page:WordSection1;}
--&amp;gt;
&lt;/span&gt;</span>
                              ","BRAND:
CLOUD NURDS",CLOUD NURDZ SALT NIC GRAPE APPLE 30ML.png,"CLOUD NURDZ,SALT NIC,30ML SERIES,FRUITY,SWEET","$8.00,$8.00","GRAPE APPLE 25MG,GRAPE APPLE 50MG",SALT NIC 
CLOUD NURDZ SALT NIC GRAPE STRAWBERRY 30ML,"
                 Cloud Nurdz is brought you by OG E-Liquids from Hollywood, California. Cloud Nurdz introduces a tasty line-up of sweet treat delights that pairs complementary, mouth-watering fruity variations to perfection. With a core line-up consisting of five delectable flavors, they’ve successfully crafted sweet fruity blends that deliciously combines apple, blue raspberry, grape, lemon, peach, strawberry, and watermelon. Cloud Nurdz Salt brings you the same amazing flavors in Nicotine Salt formulation.Cloud Nurdz Salt Nic Series Features:30mL Chubby BottleDropper In BottleNicotine Salts FormulationCrafted For Ultra-Low Wattage & Pod-Based SystemAvailable nicotine: 25mg, 50mgMade in USAGrape Strawberry FlavorCALIFORNIA PROPOSITION 65 - Warning: This product contains nicotine, a chemical known to the state of California to cause birth defects or other reproductive harm.<span style=""font-size: 14px;"">&lt;span style=""font-size: 14px;""&gt;
&amp;lt;!--
 /* Font Definitions */
 @font-face
	{font-family:""Cambria Math"";
	panose-1:2 4 5 3 5 4 6 3 2 4;
	mso-font-charset:0;
	mso-generic-font-family:roman;
	mso-font-pitch:variable;
	mso-font-signature:3 0 0 0 1 0;}
 /* Style Definitions */
 p.MsoNormal, li.MsoNormal, div.MsoNormal
	{mso-style-unhide:no;
	mso-style-qformat:yes;
	mso-style-parent:"""";
	margin:0in;
	margin-bottom:.0001pt;
	mso-pagination:widow-orphan;
	font-size:12.0pt;
	font-family:""Times New Roman"",serif;
	mso-fareast-font-family:""Times New Roman"";}
p
	{mso-style-priority:99;
	mso-margin-top-alt:auto;
	margin-right:0in;
	mso-margin-bottom-alt:auto;
	margin-left:0in;
	mso-pagination:widow-orphan;
	font-size:12.0pt;
	font-family:""Times New Roman"",serif;
	mso-fareast-font-family:""Times New Roman"";}
.MsoChpDefault
	{mso-style-type:export-only;
	mso-default-props:yes;
	font-family:""Calibri"",sans-serif;
	mso-ascii-font-family:Calibri;
	mso-ascii-theme-font:minor-latin;
	mso-fareast-font-family:Calibri;
	mso-fareast-theme-font:minor-latin;
	mso-hansi-font-family:Calibri;
	mso-hansi-theme-font:minor-latin;
	mso-bidi-font-family:Arial;
	mso-bidi-theme-font:minor-bidi;}
@page WordSection1
	{size:8.5in 11.0in;
	margin:1.0in 1.0in 1.0in 1.0in;
	mso-header-margin:.5in;
	mso-footer-margin:.5in;
	mso-paper-source:0;}
div.WordSection1
	{page:WordSection1;}
--&amp;gt;
&lt;/span&gt;</span>
                              ","BRAND:
CLOUD NURDS",CLOUD NURDZ SALT NIC GRAPE STRAWBERRY 30ML.png,"CLOUD NURDZ,SALT NIC,30ML SERIES,FRUITY,SWEET","$8.00,$8.00","GRAPE STRAWBERRY 25MG,GRAPE STRAWBERRY 50MG",SALT NIC 
CLOUD NURDZ SALT NIC STRAWBERRY LEMON 30ML,"
                 Cloud Nurdz is brought you by OG E-Liquids from Hollywood, California. Cloud Nurdz introduces a tasty line-up of sweet treat delights that pairs complementary, mouth-watering fruity variations to perfection. With a core line-up consisting of five delectable flavors, they’ve successfully crafted sweet fruity blends that deliciously combines apple, blue raspberry, grape, lemon, peach, strawberry, and watermelon. Cloud Nurdz Salt brings you the same amazing flavors in Nicotine Salt formulation.Cloud Nurdz Salt Nic Series Features:30mL Chubby BottleDropper In BottleNicotine Salts FormulationCrafted For Ultra-Low Wattage & Pod-Based SystemAvailable nicotine: 25mg, 50mgMade in USACloud Nurdz Salt Nic Series Flavors:Grape Apple – A rendition of a lip-smacking sweet treat that combines ripe grapes with juicy tart granny smith apples.Grape Strawberry – A flavorful take on a sweet treat classic combining sweet grape and ripe strawberry.Strawberry Lemon – A flavor-packed sweet treat blend in ripe strawberry with the perfect touch of lemon.Watermelon Apple – A mouth-watering sweet treat classic blending sweet red apple and juicy watermelon.Peach Blue Razz - Luscious peachy goodness collides with a carefully balanced tart blue razz.Kiwi Melon - takes fresh kiwi, ripe melon and blended them together to make this ADV god like mix of tropical fruit juice that is sure to please.CALIFORNIA PROPOSITION 65 - Warning: This product contains nicotine, a chemical known to the state of California to cause birth defects or other reproductive harm.<span style=""font-size: 14px;"">&lt;span style=""font-size: 14px;""&gt;
&amp;lt;!--
 /* Font Definitions */
 @font-face
	{font-family:""Cambria Math"";
	panose-1:2 4 5 3 5 4 6 3 2 4;
	mso-font-charset:0;
	mso-generic-font-family:roman;
	mso-font-pitch:variable;
	mso-font-signature:3 0 0 0 1 0;}
 /* Style Definitions */
 p.MsoNormal, li.MsoNormal, div.MsoNormal
	{mso-style-unhide:no;
	mso-style-qformat:yes;
	mso-style-parent:"""";
	margin:0in;
	margin-bottom:.0001pt;
	mso-pagination:widow-orphan;
	font-size:12.0pt;
	font-family:""Times New Roman"",serif;
	mso-fareast-font-family:""Times New Roman"";}
p
	{mso-style-priority:99;
	mso-margin-top-alt:auto;
	margin-right:0in;
	mso-margin-bottom-alt:auto;
	margin-left:0in;
	mso-pagination:widow-orphan;
	font-size:12.0pt;
	font-family:""Times New Roman"",serif;
	mso-fareast-font-family:""Times New Roman"";}
.MsoChpDefault
	{mso-style-type:export-only;
	mso-default-props:yes;
	font-family:""Calibri"",sans-serif;
	mso-ascii-font-family:Calibri;
	mso-ascii-theme-font:minor-latin;
	mso-fareast-font-family:Calibri;
	mso-fareast-theme-font:minor-latin;
	mso-hansi-font-family:Calibri;
	mso-hansi-theme-font:minor-latin;
	mso-bidi-font-family:Arial;
	mso-bidi-theme-font:minor-bidi;}
@page WordSection1
	{size:8.5in 11.0in;
	margin:1.0in 1.0in 1.0in 1.0in;
	mso-header-margin:.5in;
	mso-footer-margin:.5in;
	mso-paper-source:0;}
div.WordSection1
	{page:WordSection1;}
--&amp;gt;
&lt;/span&gt;</span>
                              ","BRAND:
CLOUD NURDS",CLOUD NURDZ SALT NIC STRAWBERRY LEMON 30ML.png,"CLOUD NURDZ,SALT NIC,30ML SERIES,FRUITY,SWEET","$8.00,$8.00","STRAWBERRY LEMON 25MG,STRAWBERRY LEMON 50MG",SALT NIC 
CLOUD NURDZ SALT NIC WATERMELON APPLE 30ML,"
                 Cloud Nurdz is brought you by OG E-Liquids from Hollywood, California. Cloud Nurdz introduces a tasty line-up of sweet treat delights that pairs complementary, mouth-watering fruity variations to perfection. With a core line-up consisting of five delectable flavors, they’ve successfully crafted sweet fruity blends that deliciously combines apple, blue raspberry, grape, lemon, peach, strawberry, and watermelon. Cloud Nurdz Salt brings you the same amazing flavors in Nicotine Salt formulation.Cloud Nurdz Salt Nic Series Features:30mL Chubby BottleDropper In BottleNicotine Salts FormulationCrafted For Ultra-Low Wattage & Pod-Based SystemAvailable nicotine: 25mg, 50mgMade in USAWatermelon Apple FlavorCALIFORNIA PROPOSITION 65 - Warning: This product contains nicotine, a chemical known to the state of California to cause birth defects or other reproductive harm.<span style=""font-size: 14px;"">&lt;span style=""font-size: 14px;""&gt;
&amp;lt;!--
 /* Font Definitions */
 @font-face
	{font-family:""Cambria Math"";
	panose-1:2 4 5 3 5 4 6 3 2 4;
	mso-font-charset:0;
	mso-generic-font-family:roman;
	mso-font-pitch:variable;
	mso-font-signature:3 0 0 0 1 0;}
 /* Style Definitions */
 p.MsoNormal, li.MsoNormal, div.MsoNormal
	{mso-style-unhide:no;
	mso-style-qformat:yes;
	mso-style-parent:"""";
	margin:0in;
	margin-bottom:.0001pt;
	mso-pagination:widow-orphan;
	font-size:12.0pt;
	font-family:""Times New Roman"",serif;
	mso-fareast-font-family:""Times New Roman"";}
p
	{mso-style-priority:99;
	mso-margin-top-alt:auto;
	margin-right:0in;
	mso-margin-bottom-alt:auto;
	margin-left:0in;
	mso-pagination:widow-orphan;
	font-size:12.0pt;
	font-family:""Times New Roman"",serif;
	mso-fareast-font-family:""Times New Roman"";}
.MsoChpDefault
	{mso-style-type:export-only;
	mso-default-props:yes;
	font-family:""Calibri"",sans-serif;
	mso-ascii-font-family:Calibri;
	mso-ascii-theme-font:minor-latin;
	mso-fareast-font-family:Calibri;
	mso-fareast-theme-font:minor-latin;
	mso-hansi-font-family:Calibri;
	mso-hansi-theme-font:minor-latin;
	mso-bidi-font-family:Arial;
	mso-bidi-theme-font:minor-bidi;}
@page WordSection1
	{size:8.5in 11.0in;
	margin:1.0in 1.0in 1.0in 1.0in;
	mso-header-margin:.5in;
	mso-footer-margin:.5in;
	mso-paper-source:0;}
div.WordSection1
	{page:WordSection1;}
--&amp;gt;
&lt;/span&gt;</span>
                              ","BRAND:
CLOUD NURDS",CLOUD NURDZ SALT NIC WATERMELON APPLE 30ML.png,"CLOUD NURDZ,SALT NIC,30ML SERIES,FRUITY,SWEET","$8.00,$8.00","WATERMELON APPLE 25MG,WATERMELON APPLE 50MG",SALT NIC 
CLOUD NURDZ SALT NIC PEACH BLUE RAZZ 30ML,"
                 Cloud Nurdz is brought you by OG E-Liquids from Hollywood, California. Cloud Nurdz introduces a tasty line-up of sweet treat delights that pairs complementary, mouth-watering fruity variations to perfection. With a core line-up consisting of five delectable flavors, they’ve successfully crafted sweet fruity blends that deliciously combines apple, blue raspberry, grape, lemon, peach, strawberry, and watermelon. Cloud Nurdz Salt brings you the same amazing flavors in Nicotine Salt formulation.Cloud Nurdz Salt Nic Series Features:30mL Chubby BottleDropper In BottleNicotine Salts FormulationCrafted For Ultra-Low Wattage & Pod-Based SystemAvailable nicotine: 25mg, 50mgMade in USAPeach Blue Razz FlavorCALIFORNIA PROPOSITION 65 - Warning: This product contains nicotine, a chemical known to the state of California to cause birth defects or other reproductive harm.<span style=""font-size: 14px;"">&lt;span style=""font-size: 14px;""&gt;
&amp;lt;!--
 /* Font Definitions */
 @font-face
	{font-family:""Cambria Math"";
	panose-1:2 4 5 3 5 4 6 3 2 4;
	mso-font-charset:0;
	mso-generic-font-family:roman;
	mso-font-pitch:variable;
	mso-font-signature:3 0 0 0 1 0;}
 /* Style Definitions */
 p.MsoNormal, li.MsoNormal, div.MsoNormal
	{mso-style-unhide:no;
	mso-style-qformat:yes;
	mso-style-parent:"""";
	margin:0in;
	margin-bottom:.0001pt;
	mso-pagination:widow-orphan;
	font-size:12.0pt;
	font-family:""Times New Roman"",serif;
	mso-fareast-font-family:""Times New Roman"";}
p
	{mso-style-priority:99;
	mso-margin-top-alt:auto;
	margin-right:0in;
	mso-margin-bottom-alt:auto;
	margin-left:0in;
	mso-pagination:widow-orphan;
	font-size:12.0pt;
	font-family:""Times New Roman"",serif;
	mso-fareast-font-family:""Times New Roman"";}
.MsoChpDefault
	{mso-style-type:export-only;
	mso-default-props:yes;
	font-family:""Calibri"",sans-serif;
	mso-ascii-font-family:Calibri;
	mso-ascii-theme-font:minor-latin;
	mso-fareast-font-family:Calibri;
	mso-fareast-theme-font:minor-latin;
	mso-hansi-font-family:Calibri;
	mso-hansi-theme-font:minor-latin;
	mso-bidi-font-family:Arial;
	mso-bidi-theme-font:minor-bidi;}
@page WordSection1
	{size:8.5in 11.0in;
	margin:1.0in 1.0in 1.0in 1.0in;
	mso-header-margin:.5in;
	mso-footer-margin:.5in;
	mso-paper-source:0;}
div.WordSection1
	{page:WordSection1;}
--&amp;gt;
&lt;/span&gt;</span>
                              ","BRAND:
CLOUD NURDS",CLOUD NURDZ SALT NIC PEACH BLUE RAZZ 30ML.png,"CLOUD NURDZ,SALT NIC,30ML SERIES,FRUITY,SWEET","$8.00,$8.00","PEACH BLUE RAZZ 25MG,PEACH BLUE RAZZ 50MG",SALT NIC 
NOMENON SALT 30ML ,"
                NOMENON SALT 30MLA heavy juicy vape that has great flavor and cloud production. Many flavor offerings that are sweet and savory. They are unbelievably delicious. Try it out!NOMENON SALT 30ML FEATURES:Manufacture: Lotus VapingBrand: NomenonNicotine Level: 24mg, 48mgVG/PG Ratio: 50/50FLAVORS:Blunomenon - Phenomenom - StranomenonDISCLAIMER: This product contains nicotine. Nicotine is an addictive chemical.
                              ","BRAND:
NOMS",NOMENON SALT 30ML .png,"SALT NIC,SALT,FRUITY,E-Juice,E-liquid","$9.00,$9.00,$9.00,$9.00,$9.00,$9.00,$9.00,$9.00,$9.00,$9.00","BLUNOMENON 24MG,BLUNOMENON 48MG,LEMONOMENON 24MG,LEMONOMENON 48MG,PHENOMENON 24MG,PHENOMENON 48MG,STRANOMENON 24MG,STRANOMENON 48MG,WATANOMENON 24MG,WATANOMENON 48MG",SALT NIC 
NOMS X2 SALT 30ML,"
                 A heavy juicy vape that has great flavor and cloud production. Many flavor offerings that are sweet and savory. They are unbelievably delicious. Try it out!NOMS X2 SALT 30ML FEATURES:Manufacture: Lotus VapingBrand: Noms X2 SaltNicotine Level: 24mg, 48mgVG/PG Ratio: 50/50FLAVORS:Cactus Jackfruit Mandarin - Cherry Lime Ginger - White Peach Raspberry - Kiwi Passion FruitDISCLAIMER: This product contains nicotine. Nicotine is an addictive chemical.
                              ","BRAND:
NOMS",NOMS X2 SALT 30ML.png,"SALT NIC,SALT,FRUITY,E-Juice,E-liquid","$9.00,$9.00,$9.00,$9.00,$9.00,$9.00,$9.00,$9.00","CACTUS JACKFRUIT MANDARINE 24MG,CACTUS JACKFRUIT MANDARINE 48MG,CHERRY LIME GINGER 24MG,CHERRY LIME GINGER 48MG,KIWI PASSION FRUIT 24MG,KIWI PASSION FRUIT 48MG,WHITE PEACH RASPBERRY 24MG,WHITE PEACH RASPBERRY 48MG",SALT NIC 
AIR FACTORY E-LIQUID SALT 30ML BY AIR FACTORY,"
                 Salt factory is the newest Premium Salt Nic vape juice line by Air Factory. Air Factory's most popular flavors recreated using nicotine salts for the demanding high nicotine vape market. Salt Factory E-liquid Series Features:30mL Chubby BottleDropper In BottleNicotine Salts FormulationCrafted For Ultra-Low Wattage & Pod-Based SystemAvailable nicotine: 18mg, 36mgMade in USA**Warning: Not For Sub-Ohm Use**CALIFORNIA PROPOSITION 65 - Warning: This product contains nicotine, a chemical known to the state of California to cause birth defects or other reproductive harm.
                              ","BRAND:
AIR FACTORY",AIR FACTORY E-LIQUID SALT 30ML BY AIR FACTORY.png,"SALT NIC,SALT,FRUITY,E-Juice,E-liquid,Air Factory","$8.00,$8.00,$8.00,$8.00,$8.00,$8.00,$8.00,$8.00,$8.00,$8.00","BERRY RUSH 18MG,BERRY RUSH 36MG,BLUE RAZZ 18MG,BLUE RAZZ 36MG,BLUE RAZZ ICE 18MG,BLUE RAZZ ICE 36MG,BOLD TOBACCO 18MG,BOLD TOBACCO 36MG,CREAMY CRUNCH 18MG,CREAMY CRUNCH 36MG",SALT NIC 
NASTY SALT NIC SERIES 30ML,"
                 Nasty Salt Nic Series brings you 8 great flavors made in salt nic formulation. Enjoy the ""Nastiest"" Salt nic out there with every puff. Nasty Salt Nic Series Features:30mL Glass Bottle50% VG50% PGMade in USAAvailable nicotine: 35mg, 50mgNasty Salt Nic Series Flavors:A.S.A.P. Grape is a combination of black grape and mixed berries.Bad Blood gives you the flavor of Freshly Picked Blackcurrant Berries.Slow Blow brings you the combination of Sweet Pineapple and Lime Soda.Cush Man brings you three layers of goodness from the finest mangos around the world.Hippie Trail is a refreshing true sweet citrus experience with juicy lemon and lime.Trap Queen is a thrillingly fresh and sweet fruit vape. It will make you feel like you’re tasting freshly picked strawberries.Bronze Blend is a simple yet delicious buttery blend of tobacco and caramel.Silver Blend is an exquisite blend of tobacco with subtle hints of vanilla custard on every inhale.CALIFORNIA PROPOSITION 65 - Warning: This product contains nicotine, a chemical known to the state of California to cause birth defects or other reproductive harm.
                              ","BRAND:
NASTY JUICE",NASTY SALT NIC SERIES 30ML.png,"NASTY,E-JUICE. VAPE,E-LIQUID NASTY SALT NIC SERIES 30ML","$9.00,$9.00,$9.00,$9.00,$9.00,$9.00,$9.00,$9.00,$9.00,$9.00","A.S.A.P. GRAPE 35MG,A.S.A.P. GRAPE 50MG,BAD BLOOD 35MG,BAD BLOOD 35MG,BRONZE BLEND 35MG,BRONZE BLEND 50MG,CUSH MAN 35MG,CUSH MAN 50MG,HIPPIE TRAIL 35MG,HIPPIE TRAIL 50MG",SALT NIC 
CANDY KING TROPIC KING SALT NIC SERIES 30ML,"
                TROPIC KING SALT NIC SERIES 30ML Tropic King on Salt is a remix of the Tropic King line by Drip More. This US company uses some top-quality ingredients to make its e-liquids. Drip More is known for producing exceptional candy e-liquids. All the flavors in the Tropic King on Salt come with different nicotine strength levels. The vape juice flavors in the Tropic King on Salt series include Mad Melon, Maui Mango, Berry Breeze, and Lychee Luau.Tropic King E-Liquid - Maui Mango SALT Features:30mL50% VG50% PGNicotine Salts FormulationCrafted For Ultra-Low Wattage & Pod-Based SystemMade in USAAvailable Nicotine: 35mg, 50mgTROPIC KING SALT NIC SERIES -FlavorsBerry Breeze – A delicious blend of an assortment of fresh berries including blackberry, blueberry, raspberry, and black currant.Cucumber Cooler – A refreshing tropical trifecta of sweet watermelon, juicy lime, and fresh cucumber.Grapefruit Gust – A smooth summer blend of juicy grapefruit and ripe strawberries finished with a touch of fresh guava.Lychee Luau – A refreshing, thirst-quenching summertime blend of fresh lychee, juicy pear, and sweet peach.Mad Melon – A tropical melon delight in ripe watermelon, sweet honeydew, and juicy cantaloupe.Maui Mango – A well-balanced tasty blend of juicy pineapple, sweet mango, and a touch of tangy orange.CALIFORNIA
PROPOSITION 65 - Warning: This product contains nicotine, a chemical known to
the state of California to cause birth defects or other reproductive harm.
                              ","BRAND:
CANDY KING",CANDY KING TROPIC KING SALT NIC SERIES 30ML.png,"NEW,HOT","$8.00,$8.00,$8.00,$8.00,$8.00,$8.00,$8.00,$8.00,$8.00,$8.00","BERRY BREEZE SALT 35MG,BERRY BREEZE SALT 50MG,CUCUMBER COOLER SALT 35MG,CUCUMBER COOLER SALT 50MG,GRAPEFRUIT GUST SALT 35MG,GRAPEFRUIT GUST SALT 50MG,LYCHEE LUAU SALT 35MG,LYCHEE LUAU SALT 50MG,MAD MELON SALT 35MG,MAD MELON SALT 50MG",SALT NIC 
VGOD SALT NIC 30ML SERIES,"
                 VGOD takes vaping seriously! When it comes to their e-juice, their knowledgeable mixologists respect the process, they understand how to create cohesive dynamic flavors and only use the purest high quality ingredients. VGOD e-juice is celebrated all around the world and SaltNic is ecstatic to be able to exclusively offer their extraordinary e-juice with an added long lasting SaltNic buzz.VGOD Salt Nic Series Features:30mL Chubby BottleDropper In BottleNicotine Salts FormulationCrafted For Ultra-Low Wattage & Pod-Based SystemAvailable nicotine: 35mg, 50mgMade in USAVGOD Salt Nic Series Flavors:Mango Bomb is a blast of a delicately sweet, yet rich and juicy slice of mango from the onset straight through to the exhale. Berry Bomb kicks off with surging sweet strawberry freshness as the primary note with a sourish middle that leads to a candy coated sour strawberry belt for the finishing note. Apple Bomb is a crunchy bite of a fruity Granny Smith sour apple with splashes of tart throughout the inhale blended with a sugary sour apple belt on the exhale.Cubano is your favorite Cigar topped off with a drizzle of Vanilla Cream.Cubano Black is a crafted specialty and has been aged to perfection. It is handcrafted in limited quantities and pre-steeped for months to coalesce to perfection. BOLD is the word you will envision when the robust Cuban cigar flavor hits your palate commingling perfectly with hints of rich creamy custard. The only thing that you will be thinking of as you exhale this smooth, well-balanced flavor, is the anticipation of your next draw of Cubano Black by VGOD.Cubano Silver is a delectable bold Cuban cigar flavor infused with a vanilla custard that gives way to hints of brown sugar and honey.Dry Tobacco is a great all day Tobacco flavored vape that will catch you by surprise! Dry Tobacco is a totally simple and classic sweet tobacco vape juice flavor.Luscious is a delicious burst of fresh watermelon on the inhale with sweet undertones of mixed melons on the exhale. Lush Ice is watermelon candy flavor climaxing with a fresh breeze of menthol.Melon Mix takes the very essence of a cool bowl of freshly cut melons and blends it with nicotine salt for a tasty and powerful vaping experience.Mighty Mint is a cooling mentholated nicotine salt blend, borrowing notes of refreshing wintergreen bubblegum followed by sweet mint overtones for a frigid vaping experience.Pink Cakes is a smooth and creamy blend of passion fruit, guava, and lime chiffon cake with a hint of buttercream frosting, reminiscent of Hawaiian Paradise Cake.Summer Strawberry is a simple yet amazing blend of sun-ripe strawberries picked at their peak of maturity and cooling menthol that invigorates you like opening the freezer on a hot day; this is a perfect blend of juice for those looking for great flavor and that soothing taste.Tropical Mango is a realistic rendition of succulent tropical mangos, bursting full of flavor, reduced down and mixed with nicotine salts to create this delectably sweet vape.Purple Bomb is an eruption of the juiciest Concord grapes freshly pressed and mixed with a little extra sweetness reminiscent of your favorite grape candy.Iced Mango Bomb is a blast of a delicately sweet, yet rich and juicy slice of mango from the onset straight through to the cooling iced menthol finish.Iced Berry Bomb kicks off with surging sweet strawberry freshness as the primary note with a sourish middle that leads to a candy coated sour strawberry belt and an energizing cool menthol for the finishing note.Iced Apple Bomb is a crunchy bite of a fruity Granny Smith sour apple with splashes of tart throughout the inhale blended with a sugary sour apple belt candy with an iced menthol finish.Iced Purple Bomb delivers a frozen Antarctic chill alongside a powerful punch of sweet grape  candy that is infused with delicious Concord grape juice. It is a fresh, sugary and mentholated grape experience that will captivate grape aficionados all day long.**Warning: Not For Sub-Ohm Use**CALIFORNIA PROPOSITION 65 - Warning: This product contains nicotine, a chemical known to the state of California to cause birth defects or other reproductive harm.
                              ","BRAND:
VGOD",VGOD SALT NIC 30ML SERIES.png,,"$7.00,$7.00,$7.00,$7.00,$7.00,$7.00,$7.00,$7.00,$7.00,$7.00","APPLE BOMB 25MG,APPLE BOMB 50MG,BERRY BOMB 25MG,BERRY BOMB 50MG,CUBANO 25MG,CUBANO 50MG,CUBANO BLACK 25MG,CUBANO BLACK 50MG,CUBANO SILVER 25MG,CUBANO SILVER 50MG",SALT NIC 
KILLA FRUITS SALT NIC SERIES 30ML,"
                
                
              ","BRAND:
KILA FRUITS",KILLA FRUITS SALT NIC SERIES 30ML.png,KILLA FRUITS SALT NIC SERIES 30ML,"$8.00,$8.00,$8.00,$8.00,$8.00,$8.00,$8.00,$8.00","BLUE RASPBERRY 30MG,BLUE RASPBERRY 50MG,KIWI STRAWBERRY 30MG,KIWI STRAWBERRY 50MG,RED APPLE PEACH 30MG,RED APPLE PEACH 50MG,WATERMELON STRAWBERRY 30MG,WATERMELON STRAWBERRY 50MG",SALT NIC 
FRUIT MONSTER SALT NIC SERIES 30ML,"
                 Fruit Monster Salt E-Liquid is one of our top selling e-liquids. This vapor liquid is available in a 30ml with the nicotine strength of 24mg, 48mg. Our exemplary e-juice has an entirely heavenly taste which vapor fans want to die for!Fruit Monster Salt is made with salt-based nicotine at higher nicotine strengths without the extremely harsh throat hit. The main difference of vaping salt-based nicotine is the rapid absorption rate into the bloodstream. Although salt-based nicotine does not absorb into the bloodstream as quickly as combustible cigarettes, its absorption rate is quicker than normal E-Liquid which imitates the rush from a cigarette more similarly. Fruit Monster Salt is specifically designed for pod-based devices and other low output/high resistance.Fruit Monster E-Liquid Features: 30mL Chubby Unicorn Bottle Child-Resistant CapMade in USA50% VG50% PGNicotine Salts FormulationCrafted for Ultra-Low Wattage & Pod-Based SystemManufactured by Jam MonsterAvailable Nicotine: 24mg, 48mgFlavors Available: Blueberry Raspberry Lemon Salt - The perfect combination of juicy Blueberries, ripe Raspberries, and a squeeze of Lemon.Strawberry Kiwi Pomegranate Salt - is a mouth-puckering blend of freshly picked Strawberries, refreshing Kiwis, and sweet Pomegranates.Mango Peach Guava Salt - is a delicious blend of ripe Mangoes, juicy Peaches, and sweet Guava.CALIFORNIA PROPOSITION 65 - Warning: This product contains nicotine, a chemical known to the state of California to cause birth defects or other reproductive harm. 
                              ","BRAND:
JAM MONSTER",FRUIT MONSTER SALT NIC SERIES 30ML.png,"NEW,HOT,FRUIT MONSTER,SALT NIC","$9.00,$9.00,$9.00,$9.00,$9.00,$9.00,$9.00,$9.00","BLUEBERRY RASPBERRY 24MG,BLUEBERRY RASPBERRY 48MG,MANGO PEACH GUAVA 24MG,MANGO PEACH GUAVA 48MG,MIXED BERRY 24MG,MIXED BERRY 48MG,STRAWBERRY KIWI POMEGRANATE 24MG,STRAWBERRY KIWI POMEGRANATE 48MG",SALT NIC 
PROPAGANDA SALT NIC SERIES ,"
                Propaganda Salt Nic SeriesThis premium eJuice and vape juice manufacturing company was born in 2014, based on a dream, that of offering a healthier alternative to cigarette-smoking while offering delicious taste and innovative experiences. They provide every vaper in the community with top-notch products, created using only high quality ingredients, through a meticulous process of creation: research, development, testing and, only after passing the tests, releasing.Propaganda Salt Nic Series Features:VG/PG: 70/30 SIZE: 30mlBOTTLE TYPE: UnicornMade in USAPropaganda Salt Nic Series  Flavors:Illuminati- Refreshing blood orange complimented by sweet undertones of pineapples and straeberriesWild Fire- Almond cookies with nicotine salts.Blue Frost- Delicious blue raspberry slushee with nic salts.CALIFORNIA PROPOSITION 65 - Warning: This product contains nicotine, a chemical known to the state of California to cause birth defects or other reproductive harm. 
                              ","BRAND:
PROPOGANDA",PROPAGANDA SALT NIC SERIES .png,PROPAGANDA 30ML FRUIT FLAVOR SALT,"$10.99,$10.99,$10.99,$10.99,$10.99,$10.99","BLUE FROST 35MG,BLUE FROST 50MG,ILLUMINATI 35MG,ILLUMINATI 50MG,WILD FIRE 35MG,WILD FIRE 50MG",SALT NIC 
SALTBAE50 30ML SALT NIC SERIES,"
                 SaltBae50 brings you amazing flavors in Salt Nic form. The Series brings your favorite Salt Bae 50 original flavors of sweet fruit combination. Enjoy each moment with a fruity taste.SaltBea50 Salt Nic Series Features:       30mL Chubby Bottle       Dropper In Bottle       Nicotine Salts Formulation       Crafted For Ultra-Low
Wattage & Pod-Based System       Available nicotine: 25mg,
50mg       Made in USASaltBea50 Salt Nic Series Flavors:Blue Raspberry Lemonade -  delivers an exhilarating blue raspberry lemonade with the perfect amount of tanginess and a refreshing flavor.Strawberry Kiwi - The perfect pairing of ripe strawberries and exotic, tart kiwi is well known for how incredibly complementary they are to each other. Juicy Watermelon - infuses juicy summertime watermelons with an invigorating hint of the winter.Fresh Pineapple - The fresh pineapple fruit in this salt e liquid will make you feel as if you are having an iconic fruity cocktail by the beach. Green Apple - takes ripe Granny Smith apples and combines them with premium nicotine salts to create a mouth-puckering tart apple flavor.Red Mango - a phenomenal freshly ripe mangos with a distinct taste unlike any other.Caramel Tobacco -  Strong, deep tobacco is mellowed out by the sweet, buttery taste that brings out the best of its natural, earthy flavor. Inhale for a silky smooth, seductive blend that's a staple in any vape juice collection. Georgia Peach - Georgia Peach by Salt Bae tastes like a ripe Peach directly from the farms of Georgia grown to perfection! Enjoy this sweet yet subtle peach flavored vape juice that you simply will not be able to get enough of.Fruit Punch - This is that, but for adults. A combination of your favorite fruits that conjure up the most nostalgic beverage of all time. Splash into a bottle of fruit punch today! Strawberry Acai - This is sunshine shaken in a bottle. Sweet, crisp, tangy, and bursting with strawberry and acai flavors. The Strawberry Açaí is your afternoon made.Oatmeal Cream Pie Cookie - Mashmellow goodness squeezed between two soft oatmeal cookies. Oatmeal Cream Pie Cookie will take you back to the simpler times.Carrot Cake - The moist, sweet, fresh spice cake we all know topped with decadent cream cheese frosting. Your taste buds will love Carrot Cake.**Warning: Not For Sub-Ohm Use**CALIFORNIA PROPOSITION 65 - Warning: This product contains
nicotine, a chemical known to the state of California to cause birth defects or
other reproductive harm.<span style=""font-size: 14px;"">
&lt;!--
 /* Font Definitions */
 @font-face
	{font-family:Wingdings;
	panose-1:5 0 0 0 0 0 0 0 0 0;
	mso-font-charset:2;
	mso-generic-font-family:decorative;
	mso-font-pitch:variable;
	mso-font-signature:0 268435456 0 0 -2147483648 0;}
@font-face
	{font-family:""Cambria Math"";
	panose-1:2 4 5 3 5 4 6 3 2 4;
	mso-font-charset:0;
	mso-generic-font-family:roman;
	mso-font-pitch:variable;
	mso-font-signature:-536870145 1107305727 0 0 415 0;}
 /* Style Definitions */
 p.MsoNormal, li.MsoNormal, div.MsoNormal
	{mso-style-unhide:no;
	mso-style-qformat:yes;
	mso-style-parent:"""";
	margin:0in;
	margin-bottom:.0001pt;
	mso-pagination:widow-orphan;
	font-size:12.0pt;
	font-family:""Times New Roman"",serif;
	mso-fareast-font-family:""Times New Roman"";}
.MsoChpDefault
	{mso-style-type:export-only;
	mso-default-props:yes;
	font-family:""Calibri"",sans-serif;
	mso-ascii-font-family:Calibri;
	mso-ascii-theme-font:minor-latin;
	mso-fareast-font-family:Calibri;
	mso-fareast-theme-font:minor-latin;
	mso-hansi-font-family:Calibri;
	mso-hansi-theme-font:minor-latin;
	mso-bidi-font-family:Arial;
	mso-bidi-theme-font:minor-bidi;}
@page WordSection1
	{size:8.5in 11.0in;
	margin:1.0in 1.0in 1.0in 1.0in;
	mso-header-margin:.5in;
	mso-footer-margin:.5in;
	mso-paper-source:0;}
div.WordSection1
	{page:WordSection1;}
 /* List Definitions */
 @list l0
	{mso-list-id:1762330974;
	mso-list-template-ids:-136556538;}
@list l0:level1
	{mso-level-number-format:bullet;
	mso-level-text:;
	mso-level-tab-stop:.5in;
	mso-level-number-position:left;
	text-indent:-.25in;
	mso-ansi-font-size:10.0pt;
	font-family:Symbol;}
@list l0:level2
	{mso-level-number-format:bullet;
	mso-level-text:o;
	mso-level-tab-stop:1.0in;
	mso-level-number-position:left;
	text-indent:-.25in;
	mso-ansi-font-size:10.0pt;
	font-family:""Courier New"";
	mso-bidi-font-family:""Times New Roman"";}
@list l0:level3
	{mso-level-number-format:bullet;
	mso-level-text:;
	mso-level-tab-stop:1.5in;
	mso-level-number-position:left;
	text-indent:-.25in;
	mso-ansi-font-size:10.0pt;
	font-family:Wingdings;}
@list l0:level4
	{mso-level-number-format:bullet;
	mso-level-text:;
	mso-level-tab-stop:2.0in;
	mso-level-number-position:left;
	text-indent:-.25in;
	mso-ansi-font-size:10.0pt;
	font-family:Wingdings;}
@list l0:level5
	{mso-level-number-format:bullet;
	mso-level-text:;
	mso-level-tab-stop:2.5in;
	mso-level-number-position:left;
	text-indent:-.25in;
	mso-ansi-font-size:10.0pt;
	font-family:Wingdings;}
@list l0:level6
	{mso-level-number-format:bullet;
	mso-level-text:;
	mso-level-tab-stop:3.0in;
	mso-level-number-position:left;
	text-indent:-.25in;
	mso-ansi-font-size:10.0pt;
	font-family:Wingdings;}
@list l0:level7
	{mso-level-number-format:bullet;
	mso-level-text:;
	mso-level-tab-stop:3.5in;
	mso-level-number-position:left;
	text-indent:-.25in;
	mso-ansi-font-size:10.0pt;
	font-family:Wingdings;}
@list l0:level8
	{mso-level-number-format:bullet;
	mso-level-text:;
	mso-level-tab-stop:4.0in;
	mso-level-number-position:left;
	text-indent:-.25in;
	mso-ansi-font-size:10.0pt;
	font-family:Wingdings;}
@list l0:level9
	{mso-level-number-format:bullet;
	mso-level-text:;
	mso-level-tab-stop:4.5in;
	mso-level-number-position:left;
	text-indent:-.25in;
	mso-ansi-font-size:10.0pt;
	font-family:Wingdings;}
ol
	{margin-bottom:0in;}
ul
	{margin-bottom:0in;}
--&gt;
</span>
                              ","BRAND:
SALT BAE 50",SALTBAE50 30ML SALT NIC SERIES.png,"SALT BAE,SALT NIC,FRUITY FLAVORS,30 ML","$7.00,$7.00,$7.00,$7.00,$7.00,$7.00,$7.00,$7.00,$7.00,$7.00","BLUE RASPBERRY LEMONADE 25MG,BLUE RASPBERRY LEMONADE 50MG,CARAMEL TOBACCO 25MG,CARAMEL TOBACCO 50MG,CARROT CAKE 25MG,CARROT CAKE 50MG,FRESH PINEAPPLE 25MG,FRESH PINEAPPLE 50MG,FRUIT PUNCH 25MG,FRUIT PUNCH 50MG",SALT NIC 
THE ONE SALT NIC SERIES 30ML BY BEARD VAPE CO.,"
                 Based out of Southern California, The One Salts Series by Beard Vape Co is set out to have you smiling just as if you were in your favorite donut store. There are three delicious flavors from this line as of right now, giving you a great flavor with high nicotine intake. The One Salt Nic Series Features:·       30mL Bottle·       Dropper In
Bottle·       Nicotine
Salts Formulation·       Crafted For
Ultra-Low Wattage & Pod-Based System·       Available
nicotine: 25mg, 50mg








<span style=""font-size: 14px;"">
&lt;!--
 /* Font Definitions */
 @font-face
	{font-family:""Cambria Math"";
	panose-1:2 4 5 3 5 4 6 3 2 4;
	mso-font-charset:0;
	mso-generic-font-family:roman;
	mso-font-pitch:variable;
	mso-font-signature:3 0 0 0 1 0;}
 /* Style Definitions */
 p.MsoNormal, li.MsoNormal, div.MsoNormal
	{mso-style-unhide:no;
	mso-style-qformat:yes;
	mso-style-parent:"""";
	margin:0in;
	margin-bottom:.0001pt;
	mso-pagination:widow-orphan;
	font-size:12.0pt;
	font-family:""Times New Roman"",serif;
	mso-fareast-font-family:""Times New Roman"";}
.MsoChpDefault
	{mso-style-type:export-only;
	mso-default-props:yes;
	font-family:""Calibri"",sans-serif;
	mso-ascii-font-family:Calibri;
	mso-ascii-theme-font:minor-latin;
	mso-fareast-font-family:Calibri;
	mso-fareast-theme-font:minor-latin;
	mso-hansi-font-family:Calibri;
	mso-hansi-theme-font:minor-latin;
	mso-bidi-font-family:Arial;
	mso-bidi-theme-font:minor-bidi;}
@page WordSection1
	{size:8.5in 11.0in;
	margin:1.0in 1.0in 1.0in 1.0in;
	mso-header-margin:.5in;
	mso-footer-margin:.5in;
	mso-paper-source:0;}
div.WordSection1
	{page:WordSection1;}
--&gt;
</span>


























·       Made in USAThe One Salt Nic Series
Flavors:Apple Cinnamon Donut takes on the flavor of a freshly baked donut covered in an apple cinnamon glaze dunked in sweet and creamy milk. The taste says it all.Strawberry Donuts brings a flavor blend between strawberries, donuts, cereal, and milk. Together these flavors unite and make up the ultimate vape juice.Sweet Sour Apple Berry is a delicious well-balanced combination of sweet apples blended to perfection with tart berries.CALIFORNIA PROPOSITION 65 - Warning: This product contains nicotine, a
chemical known to the state of California to cause birth defects or other
reproductive harm&
                              ","BRAND:
THE ONE",THE ONE SALT NIC SERIES 30ML BY BEARD VAPE CO..png,"THE ONE,FRUITY,SALT NIC,DONUT,SWEET,BEARD VAPE,30ml","$8.99,$8.99,$8.99,$8.99,$8.99,$8.99","APPLE CEREAL DONUTS MILK 25MG,APPLE CEREAL DONUTS MILK 50MG,STRAWBERRY CEREAL DONUTS MILK 25MG,STRAWBERRY CEREAL DONUTS MILK 50MG,SWEET & SOUR APPLE BERRY 25MG,SWEET & SOUR APPLE BERRY 50MG",SALT NIC 
YOGI GRANOLA SALT NIC SERIES 30ML,"
                 Yogi E-Liquid is brought to you from Orange County, California. Yogi Salt Nic Granola Series is a higher dose nicotine delicious take on a breakfast dessert classic in a granola bar blended with fruit combinations to give you the ultimate all-day vape, especially made for your Ultra Low Wattage and Pod Based Systems. Yogi E-Liquid is crafted to perfection with the finest ingredients. Yogi Granola Salt Nic Series Features:·      
30mL Bottle·      
Dropper In Bottle·      
Nicotine Salts Formulation·      
Crafted For Ultra-Low Wattage & Pod-Based System·      
Available nicotine: 35mg, 50mg·      
Made in USA Yogi Granola Salt Nic Series Flavors: Java Granola brings you a tasty breakfast snack with chewy, freshly baked oats complemented by freshly-brewed coffee.Lemon Granola brings you a tasty breakfast snack with chewy, freshly baked oat blended with sweet and tart lemon.Peanut Butter Banana Granola brings you a tasty breakfast snack with chewy, freshly baked oats mixed dried banana chunks.Original Granola brings you a tasty breakfast snack with chewy, freshly baked oats blended with a rich nutty mix.Strawberry Granola brings you a tasty breakfast snack with chewy, freshly baked oats mixed dried strawberry pieces.Blueberry Granola brings you a tasty breakfast snack with chewy, freshly baked oats mixed dried blueberry bits. **Warning: Not For
Sub-Ohm Use** CALIFORNIA PROPOSITION 65 -
Warning: This product contains nicotine, a chemical known to the state of
California to cause birth defects or other reproductive harm.








                              ","BRAND:
YOGI",YOGI GRANOLA SALT NIC SERIES 30ML.png,"GRANOLA,SWEET,SALT NIC,YOGI,30ML,FRUITY","$8.99,$8.99,$8.99,$8.99,$8.99,$8.99,$8.99,$8.99,$8.99,$8.99","BLUEBERRY GRANOLA BAR 35MG,BLUEBERRY GRANOLA BAR 50MG,JAVA GRANOLA BAR 35MG,JAVA GRANOLA BAR 50MG,LEMON GRANOLA BAR 35MG,LEMON GRANOLA BAR 50MG,ORIGINAL GRANOLA BAR 35MG,ORIGINAL GRANOLA BAR 50MG,PEANUT BUTTER BANANA 35MG,PEANUT BUTTER BANANA 50MG",SALT NIC 
AQUA SALTS NIC SERIES 30ML,"
                 The wildly popular Aqua line is now available in high nic for use in refillable pod systems! The clean, crisp, and refreshing tropical fruit blends Pure, Mist, Flow, and Oasis are joined by the sweet candy flavors Rainbow Drops and Sour Melon.The Aqua line from Marina Vape is one of the best selling juice lines in the world for a reason. Pure, Mist, Flow, and Oasis are exhilarating fruit flavors without the manufactured taste found in many other fruit lines. Rainbow Drops and Sour Melon are tantalizing sweet candy medleys for those with a sweet tooth.All Aqua Salts flavors are available in 30ml bottles and two nicotine strengths: 35mg and 50mg.AQUA Salts E-Liquid Features: 30mL Chubby Unicorn Bottle Nicotine Salts FormulationCrafted For Ultra-Low Wattage & Pod-Based SystemChild-Resistant CapMade in USAManufactured by Marina Vape Available Nicotine: 35mg, 50mgAqua Salt E-liquid Series Flavors:Blue Razz is a simple yet delectable, flavor-packed rendition of your favorite blue raspberry sweet treat.Sour Melon is a delicious rendition of your favorite juicy watermelon candy infused with the perfect balance of sweet and sour.Rainbow Drops is a pack of your favorite candy with an assortment of colorful, flavor-packed sweetness.Flow is a delicious tropical fruit combination of sweet pineapple with juicy mango and a hint of guava to balance the flavor.Mist is a delicious summer blend of sweet juicy pears, fresh Granny Smith apples, and a hint of kiwi tart.Oasis is a refreshing fruit blend with succulent cantaloupe mixed with sweet peaches with a slight hint of papaya.Pure is a sweet trifecta fruit mix of fresh strawberries, juicy watermelon, and sweet yet tart apple.Pure Ice is a  sweet trifecta fruit mix of fresh strawberries, juicy watermelon, and sweet yet tart apple with a menthol twist.CALIFORNIA PROPOSITION 65 - Warning: This product contains nicotine, a chemical known to the state of California to cause birth defects or other reproductive harm. Warning: This product is not meant for use in devices that reach sub-ohm resistance. We recommend this liquid to be used in vape pod system and ultra low-output atomizers/mods. Every nicotine salts e-juice contains significantly higher levels of nicotine per milliliter, optimal for beginners or experienced vapers looking for a travel-friendly experience.<span style=""font-size: 14px;"">
&lt;!--
 /* Font Definitions */
 @font-face
	{font-family:""Cambria Math"";
	panose-1:2 4 5 3 5 4 6 3 2 4;
	mso-font-charset:0;
	mso-generic-font-family:roman;
	mso-font-pitch:variable;
	mso-font-signature:3 0 0 0 1 0;}
 /* Style Definitions */
 p.MsoNormal, li.MsoNormal, div.MsoNormal
	{mso-style-unhide:no;
	mso-style-qformat:yes;
	mso-style-parent:"""";
	margin:0in;
	margin-bottom:.0001pt;
	mso-pagination:widow-orphan;
	font-size:12.0pt;
	font-family:""Times New Roman"",serif;
	mso-fareast-font-family:""Times New Roman"";}
.MsoChpDefault
	{mso-style-type:export-only;
	mso-default-props:yes;
	font-family:""Calibri"",sans-serif;
	mso-ascii-font-family:Calibri;
	mso-ascii-theme-font:minor-latin;
	mso-fareast-font-family:Calibri;
	mso-fareast-theme-font:minor-latin;
	mso-hansi-font-family:Calibri;
	mso-hansi-theme-font:minor-latin;
	mso-bidi-font-family:Arial;
	mso-bidi-theme-font:minor-bidi;}
@page WordSection1
	{size:8.5in 11.0in;
	margin:1.0in 1.0in 1.0in 1.0in;
	mso-header-margin:.5in;
	mso-footer-margin:.5in;
	mso-paper-source:0;}
div.WordSection1
	{page:WordSection1;}
--&gt;
</span>
                              ","BRAND:
AQUA",AQUA SALTS NIC SERIES 30ML.png,"AQUA,SALT NIC,HIGH NICOTINE,SWEET,SOUR,FRUITY,VAPE","$8.00,$8.00,$8.00,$8.00,$8.00,$8.00,$8.00,$8.00,$8.00,$8.00","BLUE RAZZ 35MG,BLUE RAZZ 50MG,FLOW 35MG,FLOW 50MG,MIST 35MG,MIST 50MG,OASIS 35MG,OASIS 50MG,PURE 35MG,PURE 50MG",SALT NIC 
SALT FACTORY E-LIQUID SERIES 30ML BY AIR FACTORY,"
                 Salt factory is the newest Premium Salt Nic vape juice line by Air Factory. Air Factory's most popular flavors recreated using nicotine salts for the demanding high nicotine vape market. Salt Factory E-liquid Series Features:30mL Chubby BottleDropper In BottleNicotine Salts FormulationCrafted For Ultra-Low Wattage & Pod-Based SystemAvailable nicotine: 35mg, 50mgMade in USASalt Factory E-liquid Series Flavors:Berrt Rush is a flavorful rendition of sweet taffy candy infused with an assortment of delectable berries.Blue Ruzz is a tasty blue raspberry candy with a unique balanced blend of sweet and tart to keep it interesting.Crisp Apple is sweet Crisp Apple blasted with a Menthol Chill. Iced Chee is a juicy lychee and exotic fruits finished with an icy burst. Mango brings you the sweetest mango flavor in every vape.Melon Lush is a delicious rendition of your favorite taffy candy with a burst of sweet, mouth-watering, juicy watermelon.Mint Limited Edition is a refreshing, crisp, icy mint blast paired to perfection with cool menthol smoothness.Mystery is sweet mysterious taffy with decadent flavor profiles that will have your taste buds guessing.Strawberry Kiwi is a sweet strawberry taffy with a slight touch of kiwi delivering the ultimate candy experience.Tobacco Limited Edition gives you the traditional tobacco flavor without the effect of cigarette tar.**Warning: Not For Sub-Ohm Use**CALIFORNIA PROPOSITION 65 - Warning: This product contains nicotine, a chemical known to the state of California to cause birth defects or other reproductive harm.
                              ","BRAND:
AIR FACTORY",SALT FACTORY E-LIQUID SERIES 30ML BY AIR FACTORY.png,"SALT NIC,SALT,FRUITY,E-Juice,E-liquid,Air Factory","$9.00,$9.00,$9.00,$9.00,$9.00,$9.00,$9.00,$9.00,$9.00,$9.00","BERRY RUSH 35MG,BERRY RUSH 50MG,BLUE RAZZ 35MG,BLUE RAZZ 50MG,CRISP APPLE 35MG,CRISP APPLE 50MG,ICED CHEE 35MG,ICED CHEE 50MG,MANGO 35MG,MANGO 50MG",SALT NIC 
BAD DRIP SALT E-LIQUID SERIES 30ML,"
                 The Bad Drip's Nic Salt collection consists of wacky and whimsical flavors that contain high-quality nicotine salts in order to satisfy you in every way. Bad Drip Salt E-liquid Series Features:30mL Chubby BottleDropper In BottleNicotine Salts FormulationCrafted For Ultra-Low Wattage & Pod-Based SystemAvailable nicotine: 25mg and 45mgMade in USABad Drip Salt E-liquid Series Flavors:Bad Blood has a flavor of blueberry, pomegranate, and vanilla swirled and blended to create a sweet and enchanting flavor. Real fruit extracts with quality vanilla make for a tasty experience unlike any other. Cereal Trip is a scrumptious marriage between the two tasty breakfasts works of art. Warm and cushy coated doughnuts finished with sugary fruity oat, completed off with the appetizing and smooth taste of chilly drain. Don't Care Bear is the flavor of gooey sticky bears splashed through with a succulent concoction of pear and peach. A fruity blend of naturally sweet peach and pear fruits with a base of treats sticky bear treats.Farley's Gnarly Sauce is a one of a kind blend of kiwi-covered confections, bubblegum, and new good country strawberries. Ugly Butter is the flavor of a singed mixture covered in genuine banana pudding, finished with clues of cinnamon sugar. **Warning: Not For Sub-Ohm Use**CALIFORNIA PROPOSITION 65 - Warning: This product contains nicotine, a chemical known to the state of California to cause birth defects or other reproductive harm.
                              ","BRAND:
BAD DRIP LABS",BAD DRIP SALT E-LIQUID SERIES 30ML.png,"Salt Nic. Bad Drip,high nicotine,e-juice,e-liquid,fruity,","$8.00,$8.00,$8.00,$8.00,$8.00,$8.00,$8.00,$8.00,$8.00,$8.00","BAD APPLE 25MG,BAD APPLE 45MG,BAD BLOOD 25MG,BAD BLOOD 45MG,CEREAL TRIP 25MG,CEREAL TRIP 45MG,DON'T CARE BEAR 25MG,DON'T CARE BEAR 45MG,FARLEY'S GNARLY SAUCE 25MG,FARLEY'S GNARLY SAUCE 45MG",SALT NIC 
PACHA MAMA SALT NIC 30ML SERIES,"
                PACHA MAMA 30ML SALT NIC SERIES








<span style=""font-size: 14px;"">&lt;span style=""font-size: 14px;""&gt;
&amp;lt;!--
 /* Font Definitions */
 @font-face
	{font-family:""Cambria Math"";
	panose-1:2 4 5 3 5 4 6 3 2 4;
	mso-font-charset:0;
	mso-generic-font-family:roman;
	mso-font-pitch:variable;
	mso-font-signature:3 0 0 0 1 0;}
 /* Style Definitions */
 p.MsoNormal, li.MsoNormal, div.MsoNormal
	{mso-style-unhide:no;
	mso-style-qformat:yes;
	mso-style-parent:"""";
	margin:0in;
	margin-bottom:.0001pt;
	mso-pagination:widow-orphan;
	font-size:12.0pt;
	font-family:""Times New Roman"",serif;
	mso-fareast-font-family:""Times New Roman"";}
.MsoChpDefault
	{mso-style-type:export-only;
	mso-default-props:yes;
	font-family:""Calibri"",sans-serif;
	mso-ascii-font-family:Calibri;
	mso-ascii-theme-font:minor-latin;
	mso-fareast-font-family:Calibri;
	mso-fareast-theme-font:minor-latin;
	mso-hansi-font-family:Calibri;
	mso-hansi-theme-font:minor-latin;
	mso-bidi-font-family:Arial;
	mso-bidi-theme-font:minor-bidi;}
@page WordSection1
	{size:8.5in 11.0in;
	margin:1.0in 1.0in 1.0in 1.0in;
	mso-header-margin:.5in;
	mso-footer-margin:.5in;
	mso-paper-source:0;}
div.WordSection1
	{page:WordSection1;}
--&amp;gt;
&lt;/span&gt;</span>




Pacha Mama Salt Nic Series is manufactured and brought to you by Charlies Chalk Dust. Pacha Mama consists of
delicious fruity blends, mixed into an assortment of fine exotic flavors in a
value packed 30mL bottle made specifically to your Ultra-Low Wattage & Pod-Based Systems.Pacha Mama Salt Nic Series Features:30mL Chubby BottleDropper In BottleNicotine Salts FormulationCrafted For Ultra-Low Wattage & Pod-Based SystemAvailable nicotine: 25mg, 50mgMade in USA
            ","BRAND:
PACHA MAMA",PACHA MAMA SALT NIC 30ML SERIES.png,"PACHA MAMA,SALT NIC,30ML,FRUITY,SWEET","$8.00,$8.00,$8.00,$8.00,$8.00,$8.00,$8.00,$8.00,$8.00,$8.00","APPLE TOBACCO 25MG,APPLE TOBACCO 50MG,FUJI 25MG,FUJI 50MG,HONEYDEW MELON 25MG,HONEYDEW MELON 50MG,ICY MANGO 25MG,ICY MANGO 50MG,SORBET 25MG,SORBET 50MG",SALT NIC 
FINEST FRUIT EDITION SALT NIC SERIES,"
                Finest Fruit Edition Salt Nic SeriesFinest Fruit Edition is a homage to the art of crafting premium-grade E-Liquids. Each flavor of Fruit Edition effortlessly compliments one another, offering a full range of flavors uniquely crafted for both experienced and beginning vapers alike. Fruit Edition was developed in order to bring you delicious and fruity blends, meeting each individuals specific taste.Finest Fruit Edition Salt Nic Series Features:30mL Unicorn BottleChild Resistant Cap50% VG50% PGMade in USANicotine Salts FormulationCrafted For Ultra-Low Wattage & Pod-Based SystemAvailable Nicotine: 30mg, 50mgManufactured by Finest E-LiquidFinest Fruit Edition Salt Nic Series Flavors:Apple Pearadise – A tasty pairing of freshly-picked ripe apples and delectable juicy pears.Berry Blast – A delicious assortment of tasty berries highlighted by ripe strawberries and sweet raspberries.Mango Berry – A sweet combination of juicy mangoes blended to perfection with ripe strawberries.CALIFORNIA PROPOSITION 65 - Warning: This product contains nicotine, a chemical known to the state of California to cause birth defects or other reproductive harm.
                              ","BRAND:
FINEST",FINEST FRUIT EDITION SALT NIC SERIES.png,"NEW,HOT,FINEST FRUIT EDITION SALT NIC SERIES","$8.00,$8.00,$8.00,$8.00,$8.00,$8.00,$8.00,$8.00,$8.00,$8.00","APPLE PEACH SOUR 30MG,APPLE PEACH SOUR 50MG,APPLE PEARDISE 30MG,APPLE PEARDISE 50MG,BERRY BLAST 30MG,BERRY BLAST 50MG,BLUEBERRY LEMON SWIRL 30MG,BLUEBERRY LEMON SWIRL 50MG,COTTON CLOUDS 30MG,COTTON CLOUDS 50MG",SALT NIC 
JAM MONSTER SALT NIC SERIES 30ML,"
                JAM MONSTER SALT NIC E-LIQUID SERIES 30MLJam Monster Salt is a nicotine salt infused e-Liquid formulated for pod systems and other similar low power devices. Jam Monster has become one of the top selling premium E-liquids in the US, making their amazing flavors available in a Salt Nic formula. This American-made E-liquid has made a name for itself by keeping things simple and perfecting their fruit jam + Butter + Toast flavors. Jam Monster is the prime choice for cloud chasers.Jam Monster Salt Nic E-liquid Series Features:·      
30ml Bottle·      
Dropper In Bottle·      
Nicotine Salts Formulation·      
Crafted For Ultra-Low Wattage & Pod-Based System·      
Available nicotine: 24mg, 48mgJam Monster Salt Nic E-liquid Series Flavors:Butterscotch – A fresh-out-the-oven custard-filled pie drizzled with rich butterscotch.Blueberry Jam is a freshly buttered piece of toast smothered with a sweet and slightly tart Blueberry jam.PB Jam Grape is a fresh piece of toast coated with peanut butter and layered in sweet grape jam.PB Jam Strawberry is a fresh piece of toast coated with peanut butter and topped with strawberry jam.Strawberry Jam is a freshly buttered piece of toast smothered with a delicious Strawberry jam.Mangerine Guava Ice is a delicious blend of sweet mangoes, tangy tangerines, fresh guavas, with a fresh finish of menthol.








<span style=""font-size: 14px;"">
&lt;!--
 /* Font Definitions */
 @font-face
	{font-family:""Cambria Math"";
	panose-1:2 4 5 3 5 4 6 3 2 4;
	mso-font-charset:0;
	mso-generic-font-family:roman;
	mso-font-pitch:variable;
	mso-font-signature:3 0 0 0 1 0;}
 /* Style Definitions */
 p.MsoNormal, li.MsoNormal, div.MsoNormal
	{mso-style-unhide:no;
	mso-style-qformat:yes;
	mso-style-parent:"""";
	margin:0in;
	margin-bottom:.0001pt;
	mso-pagination:widow-orphan;
	font-size:12.0pt;
	font-family:""Times New Roman"",serif;
	mso-fareast-font-family:""Times New Roman"";}
.MsoChpDefault
	{mso-style-type:export-only;
	mso-default-props:yes;
	font-family:""Calibri"",sans-serif;
	mso-ascii-font-family:Calibri;
	mso-ascii-theme-font:minor-latin;
	mso-fareast-font-family:Calibri;
	mso-fareast-theme-font:minor-latin;
	mso-hansi-font-family:Calibri;
	mso-hansi-theme-font:minor-latin;
	mso-bidi-font-family:Arial;
	mso-bidi-theme-font:minor-bidi;}
@page WordSection1
	{size:8.5in 11.0in;
	margin:1.0in 1.0in 1.0in 1.0in;
	mso-header-margin:.5in;
	mso-footer-margin:.5in;
	mso-paper-source:0;}
div.WordSection1
	{page:WordSection1;}
--&gt;
</span>








CALIFORNIA PROPOSITION 65 -
Warning: This product contains nicotine, a chemical known to the state of
California to cause birth defects or other reproductive harm.
            ","BRAND:
JAM MONSTER",JAM MONSTER SALT NIC SERIES 30ML.png,"SALT,JAM MONSTER FRUITY,CREAMY,ICE,SWEET","$9.00,$9.00,$8.00,$8.00,$8.00,$8.00,$8.00,$8.00,$8.00,$8.00","APPLE 24MG,APPLE 48MG,BANANA 24MG,BANANA 48MG,BLACKBERRY 24MG,BLACKBERRY 48MG,BLUEBERRY 24MG,BLUEBERRY 48MG,BUTTERSCOTCH 24MG,BUTTERSCOTCH 48MG",SALT NIC 
CANDY KING SALT NIC E-LIQUID SERIES 30ML,"
                 Candy King introduces the same flavor-packed sweet treat flavors ranging from sweet and sour candy to renditions of juicy bubblegum, but this time in Salt Nicotine form crafted for Ultra-Low voltage and Pod-Based systems. Candy King vape juice flavors are packed with a fruit-based sweet candy goodness. You will enjoy each of these delicious vape juice blends. Candy King Salt Nic E-liquid Series Features:·      
30mL Chubby Bottle·      
Dropper In Bottle·      
Nicotine Salts Formulation·      
Crafted For Ultra-Low Wattage & Pod-Based System·      
Available nicotine: 35mg, 50mg·      
Made in USA Candy King Salt Nic E-liquid Series Flavors:Berry Dweebz gives you a crunchy assorted berry bits with a perfect mix of sweet and tart.Batch brings you a flavor assortment of sweet and sour chew treats that will keep you guessing.Belts Strawberry gives you a sweet and sour strawberry chewy candy coated with crystallized sugar.Hard Apple brings you your favorite hard sour green apple sweet treat.Lemon Drops has the amazing flavor of hard lemon candy with a perfect balance of sweet and tart.Peach Rings brings you the delicious chewy peach sweet treat coated with a crystallized sugar.Pink Squares brings you the flavor of the original pink chewy sweet treat with a delicious blast of sweet strawberry goodness.Sour Worms has the amazing flavor of a sweet and sour chewy dessert treats packed with lip-smacking deliciousness you love.Strawberry Rolls brings you the intoxicating flavor of strawberry sweet treat chewy snack.Strawberry Watermelon has the flavor of watermelon bubblegum infused in the center with gooey, sweet strawberry.Swedish is a flavor-packed chewy sweet treat infused with tasty assorted fruity goodness vape.**Warning: Not For Sub-Ohm Use**CALIFORNIA PROPOSITION 65 - Warning: This product contains nicotine, a chemical known to the state of California to cause birth defects or other reproductive harm.
<!--
 /* Font Definitions */
 @font-face
	{font-family:Wingdings;
	panose-1:5 0 0 0 0 0 0 0 0 0;
	mso-font-charset:2;
	mso-generic-font-family:decorative;
	mso-font-pitch:variable;
	mso-font-signature:0 268435456 0 0 -2147483648 0;}
@font-face
	{font-family:""Cambria Math"";
	panose-1:2 4 5 3 5 4 6 3 2 4;
	mso-font-charset:0;
	mso-generic-font-family:roman;
	mso-font-pitch:variable;
	mso-font-signature:3 0 0 0 1 0;}
@font-face
	{font-family:Calibri;
	panose-1:2 15 5 2 2 2 4 3 2 4;
	mso-font-charset:0;
	mso-generic-font-family:swiss;
	mso-font-pitch:variable;
	mso-font-signature:-536859905 -1073697537 9 0 511 0;}
 /* Style Definitions */
 p.MsoNormal, li.MsoNormal, div.MsoNormal
	{mso-style-unhide:no;
	mso-style-qformat:yes;
	mso-style-parent:"""";
	margin:0in;
	margin-bottom:.0001pt;
	mso-pagination:widow-orphan;
	font-size:12.0pt;
	font-family:""Calibri"",sans-serif;
	mso-ascii-font-family:Calibri;
	mso-ascii-theme-font:minor-latin;
	mso-fareast-font-family:Calibri;
	mso-fareast-theme-font:minor-latin;
	mso-hansi-font-family:Calibri;
	mso-hansi-theme-font:minor-latin;
	mso-bidi-font-family:Arial;
	mso-bidi-theme-font:minor-bidi;}
.MsoChpDefault
	{mso-style-type:export-only;
	mso-default-props:yes;
	font-family:""Calibri"",sans-serif;
	mso-ascii-font-family:Calibri;
	mso-ascii-theme-font:minor-latin;
	mso-fareast-font-family:Calibri;
	mso-fareast-theme-font:minor-latin;
	mso-hansi-font-family:Calibri;
	mso-hansi-theme-font:minor-latin;
	mso-bidi-font-family:Arial;
	mso-bidi-theme-font:minor-bidi;}
@page WordSection1
	{size:8.5in 11.0in;
	margin:1.0in 1.0in 1.0in 1.0in;
	mso-header-margin:.5in;
	mso-footer-margin:.5in;
	mso-paper-source:0;}
div.WordSection1
	{page:WordSection1;}
 /* List Definitions */
 @list l0
	{mso-list-id:1762330974;
	mso-list-template-ids:-136556538;}
@list l0:level1
	{mso-level-number-format:bullet;
	mso-level-text:;
	mso-level-tab-stop:.5in;
	mso-level-number-position:left;
	text-indent:-.25in;
	mso-ansi-font-size:10.0pt;
	font-family:Symbol;}
@list l0:level2
	{mso-level-number-format:bullet;
	mso-level-text:o;
	mso-level-tab-stop:1.0in;
	mso-level-number-position:left;
	text-indent:-.25in;
	mso-ansi-font-size:10.0pt;
	font-family:""Courier New"";
	mso-bidi-font-family:""Times New Roman"";}
@list l0:level3
	{mso-level-number-format:bullet;
	mso-level-text:;
	mso-level-tab-stop:1.5in;
	mso-level-number-position:left;
	text-indent:-.25in;
	mso-ansi-font-size:10.0pt;
	font-family:Wingdings;}
@list l0:level4
	{mso-level-number-format:bullet;
	mso-level-text:;
	mso-level-tab-stop:2.0in;
	mso-level-number-position:left;
	text-indent:-.25in;
	mso-ansi-font-size:10.0pt;
	font-family:Wingdings;}
@list l0:level5
	{mso-level-number-format:bullet;
	mso-level-text:;
	mso-level-tab-stop:2.5in;
	mso-level-number-position:left;
	text-indent:-.25in;
	mso-ansi-font-size:10.0pt;
	font-family:Wingdings;}
@list l0:level6
	{mso-level-number-format:bullet;
	mso-level-text:;
	mso-level-tab-stop:3.0in;
	mso-level-number-position:left;
	text-indent:-.25in;
	mso-ansi-font-size:10.0pt;
	font-family:Wingdings;}
@list l0:level7
	{mso-level-number-format:bullet;
	mso-level-text:;
	mso-level-tab-stop:3.5in;
	mso-level-number-position:left;
	text-indent:-.25in;
	mso-ansi-font-size:10.0pt;
	font-family:Wingdings;}
@list l0:level8
	{mso-level-number-format:bullet;
	mso-level-text:;
	mso-level-tab-stop:4.0in;
	mso-level-number-position:left;
	text-indent:-.25in;
	mso-ansi-font-size:10.0pt;
	font-family:Wingdings;}
@list l0:level9
	{mso-level-number-format:bullet;
	mso-level-text:;
	mso-level-tab-stop:4.5in;
	mso-level-number-position:left;
	text-indent:-.25in;
	mso-ansi-font-size:10.0pt;
	font-family:Wingdings;}
ol
	{margin-bottom:0in;}
ul
	{margin-bottom:0in;}
-->

                              ","BRAND:
CANDY KING",CANDY KING SALT NIC E-LIQUID SERIES 30ML.png,"CANDY KING,SALT,E-JUICE,SWEET,SOUR,E-LIQUID","$8.00,$8.00,$8.00,$8.00,$8.00,$8.00,$8.00,$8.00,$8.00,$8.00","BATCH 35MG,BATCH 50MG,BELTS STRAWBERRY 35MG,BELTS STRAWBERRY 50MG,BERRY DWEEBZ 35MG,BERRY DWEEBZ 50MG,HARD APPLE 35MG,HARD APPLE 50MG,LEMON DROP 35MG,LEMON DROP 50MG",SALT NIC 
SALTBAE50 ICE 30ML SALT NIC SERIES,"
                 SaltBae50 brings you amazing flavors in Salt Nic form. The Ice Series combines your favorite SaltBae50 original flavors with a cool refreshing menthol finish. Enjoy each moment with a fruity menthol taste.SaltBea50 Ice Salt Nic Series Features:       30mL Chubby Bottle        Dropper In Bottle       Nicotine Salts Formulation      Crafted For Ultra-Low
Wattage & Pod-Based System       Available nicotine: 25mg,
50mg        Made in USASaltBea50 Ice Salt Nic Series Flavors:Iced Blue Raspberry Lemonade -  delivers an exhilarating blue raspberry lemonade with the perfect amount of tanginess and a refreshing flavor of menthol.Iced Honeydew - a sweet and light honeydew melon bought together with freezing cold menthol.Iced Juicy Watermelon - infuses juicy summertime watermelons with an invigorating hint of the winter, incorporating a chill menthol within this powerful nicotine salt concoction.Iced Winter Green - the minty flavors of wintergreen plants touched with a heavy dose of wintry menthol for a moderately chilly vape that will please those that love menthol and mint.Iced Green Apple - takes ripe Granny Smith apples and combines them with premium nicotine salts to create a mouth-puckering tart apple flavor blessed with a mentholated touch.Iced Red Mango - a phenomenal freshly ripe mangos with a distinct taste unlike any other, and a menthol finish.**Warning: Not For Sub-Ohm Use**CALIFORNIA PROPOSITION 65 - Warning: This product contains
nicotine, a chemical known to the state of California to cause birth defects or
other reproductive harm.<span style=""font-size: 14px;"">
&lt;!--
 /* Font Definitions */
 @font-face
	{font-family:Wingdings;
	panose-1:5 0 0 0 0 0 0 0 0 0;
	mso-font-charset:2;
	mso-generic-font-family:decorative;
	mso-font-pitch:variable;
	mso-font-signature:0 268435456 0 0 -2147483648 0;}
@font-face
	{font-family:""Cambria Math"";
	panose-1:2 4 5 3 5 4 6 3 2 4;
	mso-font-charset:0;
	mso-generic-font-family:roman;
	mso-font-pitch:variable;
	mso-font-signature:-536870145 1107305727 0 0 415 0;}
 /* Style Definitions */
 p.MsoNormal, li.MsoNormal, div.MsoNormal
	{mso-style-unhide:no;
	mso-style-qformat:yes;
	mso-style-parent:"""";
	margin:0in;
	margin-bottom:.0001pt;
	mso-pagination:widow-orphan;
	font-size:12.0pt;
	font-family:""Times New Roman"",serif;
	mso-fareast-font-family:""Times New Roman"";}
.MsoChpDefault
	{mso-style-type:export-only;
	mso-default-props:yes;
	font-family:""Calibri"",sans-serif;
	mso-ascii-font-family:Calibri;
	mso-ascii-theme-font:minor-latin;
	mso-fareast-font-family:Calibri;
	mso-fareast-theme-font:minor-latin;
	mso-hansi-font-family:Calibri;
	mso-hansi-theme-font:minor-latin;
	mso-bidi-font-family:Arial;
	mso-bidi-theme-font:minor-bidi;}
@page WordSection1
	{size:8.5in 11.0in;
	margin:1.0in 1.0in 1.0in 1.0in;
	mso-header-margin:.5in;
	mso-footer-margin:.5in;
	mso-paper-source:0;}
div.WordSection1
	{page:WordSection1;}
 /* List Definitions */
 @list l0
	{mso-list-id:1762330974;
	mso-list-template-ids:-136556538;}
@list l0:level1
	{mso-level-number-format:bullet;
	mso-level-text:;
	mso-level-tab-stop:.5in;
	mso-level-number-position:left;
	text-indent:-.25in;
	mso-ansi-font-size:10.0pt;
	font-family:Symbol;}
@list l0:level2
	{mso-level-number-format:bullet;
	mso-level-text:o;
	mso-level-tab-stop:1.0in;
	mso-level-number-position:left;
	text-indent:-.25in;
	mso-ansi-font-size:10.0pt;
	font-family:""Courier New"";
	mso-bidi-font-family:""Times New Roman"";}
@list l0:level3
	{mso-level-number-format:bullet;
	mso-level-text:;
	mso-level-tab-stop:1.5in;
	mso-level-number-position:left;
	text-indent:-.25in;
	mso-ansi-font-size:10.0pt;
	font-family:Wingdings;}
@list l0:level4
	{mso-level-number-format:bullet;
	mso-level-text:;
	mso-level-tab-stop:2.0in;
	mso-level-number-position:left;
	text-indent:-.25in;
	mso-ansi-font-size:10.0pt;
	font-family:Wingdings;}
@list l0:level5
	{mso-level-number-format:bullet;
	mso-level-text:;
	mso-level-tab-stop:2.5in;
	mso-level-number-position:left;
	text-indent:-.25in;
	mso-ansi-font-size:10.0pt;
	font-family:Wingdings;}
@list l0:level6
	{mso-level-number-format:bullet;
	mso-level-text:;
	mso-level-tab-stop:3.0in;
	mso-level-number-position:left;
	text-indent:-.25in;
	mso-ansi-font-size:10.0pt;
	font-family:Wingdings;}
@list l0:level7
	{mso-level-number-format:bullet;
	mso-level-text:;
	mso-level-tab-stop:3.5in;
	mso-level-number-position:left;
	text-indent:-.25in;
	mso-ansi-font-size:10.0pt;
	font-family:Wingdings;}
@list l0:level8
	{mso-level-number-format:bullet;
	mso-level-text:;
	mso-level-tab-stop:4.0in;
	mso-level-number-position:left;
	text-indent:-.25in;
	mso-ansi-font-size:10.0pt;
	font-family:Wingdings;}
@list l0:level9
	{mso-level-number-format:bullet;
	mso-level-text:;
	mso-level-tab-stop:4.5in;
	mso-level-number-position:left;
	text-indent:-.25in;
	mso-ansi-font-size:10.0pt;
	font-family:Wingdings;}
ol
	{margin-bottom:0in;}
ul
	{margin-bottom:0in;}
--&gt;
</span>
                              ","BRAND:
SALT BAE 50",SALTBAE50 ICE 30ML SALT NIC SERIES.png,"SALTBAE50,ICE,SALT NIC,FRUITY FLAVORS,30 ML","$7.00,$7.00,$7.00,$7.00,$7.00,$7.00,$7.00,$7.00,$7.00,$7.00","ICED BLUE RASPBERRY LEMONADE 25MG,ICED BLUE RASPBERRY LEMONADE 50MG,ICED GREEN APPLE 25MG,ICED GREEN APPLE 50MG,ICED HONEYDEW 25MG,ICED HONEYDEW 50MG,ICED JUICY WATERMELON 25MG,ICED JUICY WATERMELON 50MG,ICED RED MANGO 25MG,ICED RED MANGO 50MG",SALT NIC 
NKD100 SALT NIC 30ML,"
                NAKED100 SALT NIC 30MLNkd100 Salt E-Liquid takes your favorite Naked 100 flavors and perfects them to precisely match the Naked 100 experience when used in a pod based system! Specially formulated with Salt Nicotine, Nkd 100 Salt offers a consistently smooth and flavorful experience perfect for compact, ultra low wattage systems. Take and experience Naked 100 on the go like never before with Nkd 100 Salt! Naked100 Salt Nic E-liquid Features:30mL Glass BottleDropper In BottleNicotine Salts FormulationCrafted For Ultra-Low Wattage & Pod-Based SystemMade in USAAvailable nicotine: 35mg, 50mgNaked100 Salt Nic E-liquid Flavors:Lava Flow - Strawberry, Coconut, Pineapple Really Berry - Blueberry, Blackberry, Lemon Sugar Brain Freeze - Strawberry, Kiwi, Pomegranate Polar Breeze - Pineapple, Cantaloupe, Honeywdew American Patriots - Classic Tobacco Hawaiian POG - Orange, Passion Fruit, Guava Very Cool - Blueberry, Blackberry, Raspberry Amazing Mango - Mango, Peach, Cream Green Blast - Honewydew, Kiwi, Apple Arctic Air - Mint, MentholMaui Sun - Orange, Pineapple, TangerineCALIFORNIA PROPOSITION 65 - Warning: This product contains nicotine, a chemical known to the state of California to cause birth defects or other reproductive harm.
                              ","BRAND:
NAKED100",NKD100 SALT NIC 30ML.png,"SALT NIC,Naked100,Salt Nicotine,Salt e-juice,Naked Salt","$8.00,$8.00,$8.00,$8.00,$8.00,$8.00,$8.00,$8.00,$8.00,$8.00","AMERICAN PATRIOTS 35MG,AMERICAN PATRIOTS 50MG,BERRY (VERY COOL) 35MG,BERRY (VERY COOL) 50MG,CUBAN BLEND 35MG,CUBAN BLEND 50MG,EURO GOLD 35MG,EURO GOLD 50MG,HAWAIIAN POG 35MG,HAWAIIAN POG 50MG",SALT NIC 
